Estructura,N,Trial,Preprocesamiento_ns,TiempoBatch_s,Throughput,Memoria_Bytes
Naive,1024,1,413,2.510814,1991386.000973,0
Full_Precalc,1024,1,7365428,0.024370,205170501.816272,4202496
Block_Decomp,1024,1,7694,1.111620,4497939.947552,128
Sparse_Table,1024,1,124314,0.120194,41599345.059911,53248
Segment_Tree,1024,1,38657,1.516629,3296784.475130,16388
Hybrid_1,1024,1,15431,0.548388,9117624.842390,3708
Hybrid_2,1024,1,62479,0.291312,17163747.149320,29116
Hybrid_3,1024,1,61869,0.947370,5277766.324145,15220
Fischer_Heun,1024,1,38133,0.193200,25879900.306069,17512
Naive,1024,2,241,2.215623,2256701.504964,0
Full_Precalc,1024,2,5052115,0.021834,229003861.142501,4202496
Block_Decomp,1024,2,9240,0.712580,7016754.191670,128
Sparse_Table,1024,2,74163,0.106675,46871462.522839,53248
Segment_Tree,1024,2,35379,1.313754,3805886.223214,16388
Hybrid_1,1024,2,17247,0.550476,9083055.814793,3708
Hybrid_2,1024,2,59296,0.311357,16058740.663665,29116
Hybrid_3,1024,2,66667,0.899485,5558734.280696,15220
Fischer_Heun,1024,2,35816,0.187185,26711561.036609,17437
Naive,1024,3,250,2.203993,2268609.688396,0
Full_Precalc,1024,3,4081673,0.018390,271893045.541433,4202496
Block_Decomp,1024,3,8077,0.710225,7040019.237162,128
Sparse_Table,1024,3,75166,0.102177,48934918.290969,53248
Segment_Tree,1024,3,40042,1.301229,3842521.315672,16388
Hybrid_1,1024,3,17896,0.544002,9191139.858088,3708
Hybrid_2,1024,3,57652,0.307086,16282077.377629,29116
Hybrid_3,1024,3,62191,0.891935,5605787.937478,15220
Fischer_Heun,1024,3,35076,0.179570,27844335.485105,17537
Naive,1024,4,609,2.247473,2224721.045710,0
Full_Precalc,1024,4,4024455,0.019797,252563940.728901,4202496
Block_Decomp,1024,4,6742,0.700434,7138435.748721,128
Sparse_Table,1024,4,82278,0.094273,53037221.012549,53248
Segment_Tree,1024,4,37868,1.287206,3884381.813480,16388
Hybrid_1,1024,4,17498,0.544117,9189195.219288,3708
Hybrid_2,1024,4,57629,0.304897,16398970.473946,29116
Hybrid_3,1024,4,64677,0.869422,5750946.638597,15220
Fischer_Heun,1024,4,37494,0.174050,28727446.347601,17537
Naive,1024,5,104,2.147479,2328311.452069,0
Full_Precalc,1024,5,4260961,0.019261,259591800.201121,4202496
Block_Decomp,1024,5,7620,0.718646,6957523.690302,128
Sparse_Table,1024,5,89311,0.101672,49177717.096409,53248
Segment_Tree,1024,5,40839,1.286450,3886663.345295,16388
Hybrid_1,1024,5,18592,0.538559,9284033.117082,3708
Hybrid_2,1024,5,56641,0.309905,16133975.708222,29116
Hybrid_3,1024,5,71263,0.874486,5717643.009710,15220
Fischer_Heun,1024,5,38058,0.189829,26339490.024066,17562
Naive,1024,6,357,2.205764,2266788.549469,0
Full_Precalc,1024,6,4182555,0.021361,234068074.579893,4202496
Block_Decomp,1024,6,7568,0.762714,6555540.474753,128
Sparse_Table,1024,6,101904,0.117737,42467500.747067,53248
Segment_Tree,1024,6,53037,1.319506,3789298.132649,16388
Hybrid_1,1024,6,19427,0.537156,9308284.303404,3708
Hybrid_2,1024,6,60220,0.308393,16213053.110901,29116
Hybrid_3,1024,6,65813,0.880192,5680577.059648,15220
Fischer_Heun,1024,6,35901,0.219612,22767380.780136,17537
Naive,1024,7,482,2.244261,2227904.878796,0
Full_Precalc,1024,7,4339764,0.021126,236675321.409820,4202496
Block_Decomp,1024,7,8403,0.704022,7102048.750446,128
Sparse_Table,1024,7,99484,0.092819,53868526.190953,53248
Segment_Tree,1024,7,41683,1.281342,3902157.395983,16388
Hybrid_1,1024,7,18440,0.558804,8947673.785380,3708
Hybrid_2,1024,7,61782,0.295750,16906156.747224,29116
Hybrid_3,1024,7,65157,0.860817,5808432.957823,15220
Fischer_Heun,1024,7,36823,0.193634,25821925.176665,17462
Naive,1024,8,346,2.388013,2093791.334241,0
Full_Precalc,1024,8,5069782,0.023197,215546591.020734,4202496
Block_Decomp,1024,8,8273,0.826873,6046877.420678,128
Sparse_Table,1024,8,84681,0.098456,50784295.391364,53248
Segment_Tree,1024,8,36980,1.295137,3860595.281833,16388
Hybrid_1,1024,8,23322,0.602600,8297373.828910,3708
Hybrid_2,1024,8,65415,0.290615,17204901.182222,29116
Hybrid_3,1024,8,68125,0.856338,5838813.540570,15220
Fischer_Heun,1024,8,37867,0.170873,29261435.115732,17487
Naive,1024,9,212,2.175082,2298764.215161,0
Full_Precalc,1024,9,4162665,0.018789,266115573.248338,4202496
Block_Decomp,1024,9,6968,0.683430,7316043.335921,128
Sparse_Table,1024,9,64057,0.106892,46776311.775943,53248
Segment_Tree,1024,9,38236,1.299868,3846545.480703,16388
Hybrid_1,1024,9,18581,0.539733,9263836.314919,3708
Hybrid_2,1024,9,68212,0.433719,11528204.256649,29116
Hybrid_3,1024,9,106616,1.051851,4753523.683955,15220
Fischer_Heun,1024,9,38782,0.172094,29053958.034649,17512
Naive,1024,10,212,2.160846,2313908.736360,0
Full_Precalc,1024,10,4256032,0.018749,266686621.937631,4202496
Block_Decomp,1024,10,8419,0.682551,7325459.006009,128
Sparse_Table,1024,10,92447,0.109415,45697562.182204,53248
Segment_Tree,1024,10,43930,1.876931,2663922.946796,16388
Hybrid_1,1024,10,21185,0.650012,7692165.079567,3708
Hybrid_2,1024,10,70272,0.355722,14055925.485806,29116
Hybrid_3,1024,10,73175,0.966277,5174499.110892,15220
Fischer_Heun,1024,10,36533,0.240716,20771324.352555,17462
Naive,1024,11,283,2.171427,2302633.176399,0
Full_Precalc,1024,11,3822840,0.019683,254031105.295944,4202496
Block_Decomp,1024,11,6568,0.705186,7090324.754557,128
Sparse_Table,1024,11,90372,0.087010,57464364.020564,53248
Segment_Tree,1024,11,39707,1.312562,3809343.822745,16388
Hybrid_1,1024,11,20457,0.555811,8995871.551656,3708
Hybrid_2,1024,11,82762,0.300471,16640563.391434,29116
Hybrid_3,1024,11,63323,0.861972,5800651.225888,15220
Fischer_Heun,1024,11,40355,0.181833,27497698.140191,17537
Naive,1024,12,341,2.158660,2316251.567432,0
Full_Precalc,1024,12,5162310,0.020480,244143998.669513,4202496
Block_Decomp,1024,12,8012,0.715855,6984659.035983,128
Sparse_Table,1024,12,81422,0.102123,48960628.046569,53248
Segment_Tree,1024,12,40332,1.284456,3892698.634115,16388
Hybrid_1,1024,12,16186,0.549187,9104368.011928,3708
Hybrid_2,1024,12,57051,0.297633,16799187.787493,29116
Hybrid_3,1024,12,63705,0.876600,5703853.893528,15220
Fischer_Heun,1024,12,38550,0.194960,25646240.113477,17512
Naive,1024,13,259,2.248716,2223491.231914,0
Full_Precalc,1024,13,3825501,0.019352,258377209.228490,4202496
Block_Decomp,1024,13,8192,0.714217,7000676.571986,128
Sparse_Table,1024,13,73419,0.100993,49508293.040101,53248
Segment_Tree,1024,13,41696,1.306069,3828281.297001,16388
Hybrid_1,1024,13,16411,0.544150,9188638.717214,3708
Hybrid_2,1024,13,65677,0.300695,16628141.424644,29116
Hybrid_3,1024,13,67847,0.871686,5736010.332262,15220
Fischer_Heun,1024,13,48449,0.182738,27361616.857917,17512
Naive,1024,14,233,2.250562,2221667.665338,0
Full_Precalc,1024,14,5440490,0.023244,215111487.336322,4202496
Block_Decomp,1024,14,7786,0.686685,7281353.977325,128
Sparse_Table,1024,14,75061,0.091677,54539446.876637,53248
Segment_Tree,1024,14,37916,1.294151,3863537.739108,16388
Hybrid_1,1024,14,18063,0.536108,9326476.957632,3708
Hybrid_2,1024,14,59804,0.301931,16560088.037667,29116
Hybrid_3,1024,14,67093,0.873459,5724366.808353,15220
Fischer_Heun,1024,14,47002,0.196221,25481472.031819,17512
Naive,1024,15,609,2.192379,2280627.892291,0
Full_Precalc,1024,15,4991529,0.022736,219918028.633679,4202496
Block_Decomp,1024,15,7361,0.726452,6882769.524041,128
Sparse_Table,1024,15,102709,0.101470,49275762.580861,53248
Segment_Tree,1024,15,50286,1.318955,3790878.834823,16388
Hybrid_1,1024,15,17436,0.525500,9514746.627968,3708
Hybrid_2,1024,15,60532,0.290687,17200618.056736,29116
Hybrid_3,1024,15,73430,0.876613,5703770.041760,15220
Fischer_Heun,1024,15,72143,0.188231,26563166.370232,17537
Naive,1024,16,220,2.203822,2268785.813229,0
Full_Precalc,1024,16,4082667,0.020534,243503497.148525,4202496
Block_Decomp,1024,16,8841,0.696023,7183669.550212,128
Sparse_Table,1024,16,80901,0.096329,51905353.660397,53248
Segment_Tree,1024,16,38162,1.311290,3813040.408919,16388
Hybrid_1,1024,16,21692,0.537761,9297812.137962,3708
Hybrid_2,1024,16,64767,0.300688,16628556.730638,29116
Hybrid_3,1024,16,71615,0.863755,5788675.976022,15220
Fischer_Heun,1024,16,36677,0.193580,25829062.140606,17487
Naive,1024,17,314,2.181080,2292442.191168,0
Full_Precalc,1024,17,4210034,0.019849,251897759.938714,4202496
Block_Decomp,1024,17,9322,0.730203,6847407.465193,128
Sparse_Table,1024,17,74579,0.100423,49789253.045494,53248
Segment_Tree,1024,17,40055,1.289219,3878316.940356,16388
Hybrid_1,1024,17,14334,0.553103,9039900.613452,3708
Hybrid_2,1024,17,58621,0.306878,16293132.324482,29116
Hybrid_3,1024,17,59171,0.857140,5833349.654073,15220
Fischer_Heun,1024,17,35505,0.173491,28819981.478781,17537
Naive,1024,18,540,2.155162,2320010.678508,0
Full_Precalc,1024,18,4885785,0.021075,237250355.685733,4202496
Block_Decomp,1024,18,8931,0.704912,7093084.512846,128
Sparse_Table,1024,18,75288,0.102379,48837993.708651,53248
Segment_Tree,1024,18,39852,1.286496,3886524.838903,16388
Hybrid_1,1024,18,18936,0.544882,9176295.302858,3708
Hybrid_2,1024,18,59939,0.293164,17055311.507692,29116
Hybrid_3,1024,18,61361,0.862706,5795719.622044,15220
Fischer_Heun,1024,18,39221,0.210082,23800217.471155,17487
Naive,1024,19,321,2.144890,2331121.395337,0
Full_Precalc,1024,19,3939739,0.018816,265734385.407653,4202496
Block_Decomp,1024,19,7656,0.703203,7110317.839811,128
Sparse_Table,1024,19,73635,0.108885,45919885.889451,53248
Segment_Tree,1024,19,36689,1.311532,3812334.771028,16388
Hybrid_1,1024,19,18600,0.562756,8884845.881233,3708
Hybrid_2,1024,19,64567,0.311179,16067947.312918,29116
Hybrid_3,1024,19,70448,0.873958,5721100.682881,15220
Fischer_Heun,1024,19,33899,0.201315,24836697.595657,17562
Naive,1024,20,287,2.169558,2304616.828799,0
Full_Precalc,1024,20,4720755,0.023495,212814850.526723,4202496
Block_Decomp,1024,20,6985,0.673918,7419297.089294,128
Sparse_Table,1024,20,77153,0.128664,38860796.980075,53248
Segment_Tree,1024,20,40307,1.298924,3849338.694237,16388
Hybrid_1,1024,20,19508,0.545700,9162536.638006,3708
Hybrid_2,1024,20,58635,0.307935,16237199.030689,29116
Hybrid_3,1024,20,64264,0.893771,5594272.158105,15220
Fischer_Heun,1024,20,38551,0.186271,26842576.737478,17562
Naive,1024,21,228,2.164158,2310367.788945,0
Full_Precalc,1024,21,3852782,0.019483,256629681.368074,4202496
Block_Decomp,1024,21,8101,0.707885,7063292.692414,128
Sparse_Table,1024,21,106925,0.099352,50326129.929566,53248
Segment_Tree,1024,21,36765,1.275599,3919726.352991,16388
Hybrid_1,1024,21,18948,0.558001,8960554.286985,3708
Hybrid_2,1024,21,56256,0.306764,16299180.401255,29116
Hybrid_3,1024,21,67317,0.975686,5124598.519863,15220
Fischer_Heun,1024,21,58197,0.213398,23430372.078104,17537
Naive,1024,22,210,2.190161,2282937.198801,0
Full_Precalc,1024,22,4645333,0.021277,234994894.500922,4202496
Block_Decomp,1024,22,7530,0.738017,6774910.339583,128
Sparse_Table,1024,22,73842,0.104815,47703099.571863,53248
Segment_Tree,1024,22,36362,1.421290,3517931.586813,16388
Hybrid_1,1024,22,16045,0.556171,8990048.187467,3708
Hybrid_2,1024,22,59760,0.302974,16503039.797219,29116
Hybrid_3,1024,22,58813,0.896838,5575140.640561,15220
Fischer_Heun,1024,22,37924,0.247653,20189561.733312,17512
Naive,1024,23,314,2.884133,1733623.440330,0
Full_Precalc,1024,23,5158384,0.023762,210418838.276752,4202496
Block_Decomp,1024,23,8636,0.865761,5775265.721997,128
Sparse_Table,1024,23,90782,0.118773,42097024.194195,53248
Segment_Tree,1024,23,46304,1.762936,2836177.246632,16388
Hybrid_1,1024,23,23064,0.643888,7765322.306062,3708
Hybrid_2,1024,23,79684,0.381476,13106982.525792,29116
Hybrid_3,1024,23,97840,1.147937,4355640.545447,15220
Fischer_Heun,1024,23,48186,0.295600,16914770.204339,17462
Naive,1024,24,287,2.603797,1920272.717070,0
Full_Precalc,1024,24,4229278,0.020323,246031293.802796,4202496
Block_Decomp,1024,24,6332,0.885743,5644980.966868,128
Sparse_Table,1024,24,98975,0.108969,45884458.217287,53248
Segment_Tree,1024,24,55066,1.795462,2784798.462013,16388
Hybrid_1,1024,24,18327,0.659552,7580898.067875,3708
Hybrid_2,1024,24,78958,0.346588,14426370.074963,29116
Hybrid_3,1024,24,79066,1.015843,4922020.139607,15220
Fischer_Heun,1024,24,47822,0.199878,25015204.616594,17537
Naive,1024,25,295,2.838506,1761489.798627,0
Full_Precalc,1024,25,3985860,0.021258,235204374.726104,4202496
Block_Decomp,1024,25,7632,0.867958,5760648.732001,128
Sparse_Table,1024,25,103657,0.118942,42037232.225248,53248
Segment_Tree,1024,25,44909,1.714042,2917081.249060,16388
Hybrid_1,1024,25,22659,0.629648,7940945.071916,3708
Hybrid_2,1024,25,67131,0.385794,12960283.630727,29116
Hybrid_3,1024,25,94026,1.281391,3902009.022235,15220
Fischer_Heun,1024,25,59728,0.289991,17241898.767136,17512
Naive,1024,26,144,2.860126,1748174.494220,0
Full_Precalc,1024,26,5247193,0.021574,231762762.074434,4202496
Block_Decomp,1024,26,7222,0.798945,6258249.757819,128
Sparse_Table,1024,26,117710,0.102736,48668465.342831,53248
Segment_Tree,1024,26,42257,1.703890,2934461.001466,16388
Hybrid_1,1024,26,30960,0.740047,6756327.483447,3708
Hybrid_2,1024,26,86277,0.394270,12681659.606081,29116
Hybrid_3,1024,26,110990,1.193840,4188167.567211,15220
Fischer_Heun,1024,26,50654,0.242644,20606346.272463,17487
Naive,1024,27,374,2.941007,1700097.730730,0
Full_Precalc,1024,27,4807019,0.028156,177583474.621705,4202496
Block_Decomp,1024,27,9132,0.880919,5675890.320667,128
Sparse_Table,1024,27,124774,0.117601,42516809.403249,53248
Segment_Tree,1024,27,49739,1.758587,2843191.532376,16388
Hybrid_1,1024,27,20934,0.639245,7821730.509725,3708
Hybrid_2,1024,27,73848,0.370154,13507905.615228,29116
Hybrid_3,1024,27,94118,1.226197,4077647.473318,15220
Fischer_Heun,1024,27,53188,0.243948,20496210.635982,17537
Naive,1024,28,395,3.031435,1649383.631621,0
Full_Precalc,1024,28,4964591,0.023285,214732071.707972,4202496
Block_Decomp,1024,28,6531,1.044413,4787376.953904,128
Sparse_Table,1024,28,114370,0.135072,37017311.745518,53248
Segment_Tree,1024,28,49323,1.866497,2678815.261034,16388
Hybrid_1,1024,28,28714,0.727841,6869633.987206,3708
Hybrid_2,1024,28,78691,0.352473,14185478.116674,29116
Hybrid_3,1024,28,80651,1.263732,3956534.036176,15220
Fischer_Heun,1024,28,52646,0.212458,23534105.517459,17487
Naive,1024,29,341,2.843818,1758199.748165,0
Full_Precalc,1024,29,5614938,0.028551,175128177.188525,4202496
Block_Decomp,1024,29,8624,0.978741,5108604.022364,128
Sparse_Table,1024,29,121075,0.125814,39741182.528454,53248
Segment_Tree,1024,29,65629,1.818764,2749119.119692,16388
Hybrid_1,1024,29,22883,0.637901,7838202.285857,3708
Hybrid_2,1024,29,71838,0.398060,12560930.940635,29116
Hybrid_3,1024,29,94257,1.083405,4615080.945898,15220
Fischer_Heun,1024,29,54142,0.238055,21003561.157995,17537
Naive,1024,30,307,3.007436,1662545.587457,0
Full_Precalc,1024,30,3946783,0.018312,273043059.436559,4202496
Block_Decomp,1024,30,8230,0.941744,5309295.939118,128
Sparse_Table,1024,30,103489,0.146533,34121978.237794,53248
Segment_Tree,1024,30,40902,1.783314,2803768.666588,16388
Hybrid_1,1024,30,23997,0.652625,7661371.651130,3708
Hybrid_2,1024,30,83073,0.442549,11298192.073925,29116
Hybrid_3,1024,30,98156,1.206206,4145229.450210,15220
Fischer_Heun,1024,30,58594,0.259394,19275731.431219,17512
Naive,4096,1,405,11.280329,443249.478562,0
Full_Precalc,4096,1,78782609,0.063618,78593662.606303,67141632
Block_Decomp,4096,1,31057,1.738916,2875354.971053,256
Sparse_Table,4096,1,943751,0.172931,28913261.972010,245760
Segment_Tree,4096,1,139539,2.602614,1921145.151776,65540
Hybrid_1,4096,1,69970,0.756336,6610822.807546,15048
Hybrid_2,4096,1,328001,0.451191,11081791.596439,116096
Hybrid_3,4096,1,256044,1.258537,3972867.555295,53328
Fischer_Heun,4096,1,157004,0.200838,24895647.404340,69792
Naive,4096,2,268,10.925888,457628.715033,0
Full_Precalc,4096,2,70781792,0.081921,61034601.186793,67141632
Block_Decomp,4096,2,23992,1.476844,3385597.414543,256
Sparse_Table,4096,2,520267,0.125067,39978432.115615,245760
Segment_Tree,4096,2,146356,2.172428,2301572.396239,65540
Hybrid_1,4096,2,55529,0.676718,7388598.727780,15048
Hybrid_2,4096,2,515799,0.429550,11640092.041653,116096
Hybrid_3,4096,2,211165,1.244372,4018092.186541,53328
Fischer_Heun,4096,2,134638,0.244245,20471285.345660,70008
Naive,4096,3,259,11.850812,421912.023344,0
Full_Precalc,4096,3,76017860,0.091047,54916530.333634,67141632
Block_Decomp,4096,3,32715,1.512545,3305686.316183,256
Sparse_Table,4096,3,469514,0.120568,41470411.056622,245760
Segment_Tree,4096,3,140470,2.098620,2382518.537455,65540
Hybrid_1,4096,3,69430,0.674370,7414325.390396,15048
Hybrid_2,4096,3,287312,0.421987,11848717.976535,116096
Hybrid_3,4096,3,269879,1.176671,4249275.157156,53328
Fischer_Heun,4096,3,139520,0.216079,23139634.476708,69864
Naive,4096,4,280,10.760694,464654.038077,0
Full_Precalc,4096,4,71216031,0.063833,78329383.391407,67141632
Block_Decomp,4096,4,19854,1.503477,3325625.084225,256
Sparse_Table,4096,4,508874,0.125139,39955692.972240,245760
Segment_Tree,4096,4,138992,2.277432,2195454.755815,65540
Hybrid_1,4096,4,90974,0.720607,6938598.935039,15048
Hybrid_2,4096,4,625785,0.433824,11525420.525137,116096
Hybrid_3,4096,4,255462,1.286458,3886639.740565,53328
Fischer_Heun,4096,4,169081,0.236407,21149989.835526,69972
Naive,4096,5,137,11.500811,434751.956188,0
Full_Precalc,4096,5,74244159,0.062354,80187078.378347,67141632
Block_Decomp,4096,5,18477,1.508143,3315334.490684,256
Sparse_Table,4096,5,460964,0.114254,43762171.189754,245760
Segment_Tree,4096,5,170476,2.218333,2253945.117329,65540
Hybrid_1,4096,5,60208,0.741935,6739134.557375,15048
Hybrid_2,4096,5,570665,0.454531,11000353.513961,116096
Hybrid_3,4096,5,253349,1.293693,3864905.783333,53328
Fischer_Heun,4096,5,167394,0.212335,23547659.150516,70116
Naive,4096,6,291,10.877892,459647.879461,0
Full_Precalc,4096,6,75602794,0.075693,66056076.006975,67141632
Block_Decomp,4096,6,35386,1.537710,3251588.910544,256
Sparse_Table,4096,6,851340,0.142411,35109681.944200,245760
Segment_Tree,4096,6,155157,2.151054,2324441.643769,65540
Hybrid_1,4096,6,60240,0.782879,6386681.245587,15048
Hybrid_2,4096,6,517645,0.413787,12083521.902734,116096
Hybrid_3,4096,6,249480,1.183235,4225703.687652,53328
Fischer_Heun,4096,6,126541,0.209727,23840537.396992,70008
Naive,4096,7,382,9.808773,509747.779296,0
Full_Precalc,4096,7,70356432,0.061327,81530661.863793,67141632
Block_Decomp,4096,7,22842,1.482075,3373648.493557,256
Sparse_Table,4096,7,391900,0.136503,36629246.350692,245760
Segment_Tree,4096,7,169015,2.394416,2088192.018451,65540
Hybrid_1,4096,7,126051,0.893816,5593991.316709,15048
Hybrid_2,4096,7,351021,0.533270,9376121.518915,116096
Hybrid_3,4096,7,335874,1.455515,3435209.847148,53328
Fischer_Heun,4096,7,175910,0.300830,16620664.821607,70008
Naive,4096,8,309,10.192407,490561.276678,0
Full_Precalc,4096,8,76429381,0.066815,74832964.591406,67141632
Block_Decomp,4096,8,22716,1.584356,3155857.051102,256
Sparse_Table,4096,8,452571,0.118884,42057929.127965,245760
Segment_Tree,4096,8,129805,2.137149,2339564.952217,65540
Hybrid_1,4096,8,103670,0.658249,7595908.900587,15048
Hybrid_2,4096,8,241323,0.374571,13348613.687201,116096
Hybrid_3,4096,8,239378,1.192554,4192681.015527,53328
Fischer_Heun,4096,8,245310,0.225009,22221367.144015,69756
Naive,4096,9,332,10.505831,475926.157228,0
Full_Precalc,4096,9,70205563,0.060988,81983308.723037,67141632
Block_Decomp,4096,9,16500,1.329966,3759494.309638,256
Sparse_Table,4096,9,480798,0.112552,44423753.636951,245760
Segment_Tree,4096,9,144392,2.033310,2459044.339877,65540
Hybrid_1,4096,9,59992,0.707741,7064733.592973,15048
Hybrid_2,4096,9,289348,0.392038,12753878.026415,116096
Hybrid_3,4096,9,254952,1.086261,4602947.294586,53328
Fischer_Heun,4096,9,138518,0.223324,22389024.033516,69936
Naive,4096,10,338,9.942647,502884.199898,0
Full_Precalc,4096,10,72593613,0.074017,67552277.018378,67141632
Block_Decomp,4096,10,48096,1.444059,3462462.507019,256
Sparse_Table,4096,10,467532,0.118859,42066546.702411,245760
Segment_Tree,4096,10,131571,2.179202,2294418.326046,65540
Hybrid_1,4096,10,58087,0.710009,7042162.092042,15048
Hybrid_2,4096,10,471775,0.393074,12720266.261224,116096
Hybrid_3,4096,10,250161,1.173487,4260807.151951,53328
Fischer_Heun,4096,10,155304,0.208473,23983960.064749,69864
Naive,4096,11,341,10.359824,482633.682413,0
Full_Precalc,4096,11,87100436,0.097727,51162679.044051,67141632
Block_Decomp,4096,11,26707,1.501488,3330030.424896,256
Sparse_Table,4096,11,620373,0.128416,38935895.070192,245760
Segment_Tree,4096,11,137919,2.098110,2383097.576167,65540
Hybrid_1,4096,11,57982,0.668756,7476568.210930,15048
Hybrid_2,4096,11,253501,0.382768,13062729.930499,116096
Hybrid_3,4096,11,211087,1.187990,4208788.654926,53328
Fischer_Heun,4096,11,224689,0.206481,24215361.037521,69576
Naive,4096,12,257,9.872477,506458.493324,0
Full_Precalc,4096,12,65692328,0.064074,78035011.000752,67141632
Block_Decomp,4096,12,20834,1.432104,3491367.165594,256
Sparse_Table,4096,12,515321,0.120011,41662936.445090,245760
Segment_Tree,4096,12,148346,2.005271,2493428.423524,65540
Hybrid_1,4096,12,41061,0.662559,7546497.426943,15048
Hybrid_2,4096,12,500458,0.422811,11825623.984371,116096
Hybrid_3,4096,12,244964,1.131167,4420212.024876,53328
Fischer_Heun,4096,12,205274,0.236300,21159534.805257,69792
Naive,4096,13,270,9.892697,505423.334198,0
Full_Precalc,4096,13,70503024,0.064928,77007856.649567,67141632
Block_Decomp,4096,13,21013,1.386290,3606748.899200,256
Sparse_Table,4096,13,425866,0.114790,43557819.036654,245760
Segment_Tree,4096,13,130576,2.079954,2403898.854706,65540
Hybrid_1,4096,13,58598,0.724684,6899555.000505,15048
Hybrid_2,4096,13,465517,0.373994,13369196.077031,116096
Hybrid_3,4096,13,228219,1.270012,3936972.112669,53328
Fischer_Heun,4096,13,162662,0.264810,18881455.763260,69900
Naive,4096,14,120,10.149006,492659.098130,0
Full_Precalc,4096,14,71767632,0.065566,76259048.326732,67141632
Block_Decomp,4096,14,26926,1.515106,3300100.034546,256
Sparse_Table,4096,14,462508,0.119419,41869388.476144,245760
Segment_Tree,4096,14,131373,2.121995,2356272.824272,65540
Hybrid_1,4096,14,62167,0.844448,5921027.925311,15048
Hybrid_2,4096,14,336434,0.449682,11118976.724664,116096
Hybrid_3,4096,14,256974,1.169272,4276163.484346,53328
Fischer_Heun,4096,14,167546,0.233531,21410403.752812,70116
Naive,4096,15,357,10.393752,481058.222241,0
Full_Precalc,4096,15,72896973,0.067885,73654175.439002,67141632
Block_Decomp,4096,15,29126,1.494819,3344885.466151,256
Sparse_Table,4096,15,436005,0.152521,32782453.703062,245760
Segment_Tree,4096,15,166195,2.194265,2278667.211267,65540
Hybrid_1,4096,15,51937,0.838267,5964685.637298,15048
Hybrid_2,4096,15,339790,0.468532,10671634.377922,116096
Hybrid_3,4096,15,267757,1.243227,4021791.249002,53328
Fischer_Heun,4096,15,277281,0.237758,21029774.295129,69720
Naive,4096,16,296,11.152581,448326.730766,0
Full_Precalc,4096,16,65108926,0.064282,77782746.193904,67141632
Block_Decomp,4096,16,20908,1.530171,3267608.321894,256
Sparse_Table,4096,16,430048,0.124143,40276260.347293,245760
Segment_Tree,4096,16,147868,2.052681,2435839.104046,65540
Hybrid_1,4096,16,49406,0.730476,6844851.971842,15048
Hybrid_2,4096,16,355388,0.438180,11410837.943131,116096
Hybrid_3,4096,16,266864,1.157650,4319095.889255,53328
Fischer_Heun,4096,16,185702,0.255749,19550425.225072,70008
Naive,4096,17,491,10.975068,455578.031846,0
Full_Precalc,4096,17,87809031,0.114283,43751103.019996,67141632
Block_Decomp,4096,17,20855,1.707661,2927981.194369,256
Sparse_Table,4096,17,516927,0.130536,38303675.754788,245760
Segment_Tree,4096,17,140204,2.526216,1979244.875043,65540
Hybrid_1,4096,17,62727,0.736618,6787780.334293,15048
Hybrid_2,4096,17,375133,0.452712,11044541.706753,116096
Hybrid_3,4096,17,270166,1.212205,4124715.947518,53328
Fischer_Heun,4096,17,231316,0.300219,16654510.927746,69792
Naive,4096,18,296,10.813831,462370.821007,0
Full_Precalc,4096,18,76190855,0.073597,67937898.890580,67141632
Block_Decomp,4096,18,41762,1.579482,3165594.976646,256
Sparse_Table,4096,18,513768,0.125221,39929489.632284,245760
Segment_Tree,4096,18,128585,2.311462,2163133.524638,65540
Hybrid_1,4096,18,65245,0.763757,6546584.260219,15048
Hybrid_2,4096,18,364215,0.438758,11395803.271632,116096
Hybrid_3,4096,18,293296,1.396403,3580627.638623,53328
Fischer_Heun,4096,18,177866,0.245934,20330627.397306,69936
Naive,4096,19,138,10.837976,461340.734221,0
Full_Precalc,4096,19,74555059,0.078521,63677299.340795,67141632
Block_Decomp,4096,19,29366,1.489632,3356534.356687,256
Sparse_Table,4096,19,431481,0.129131,38720287.077784,245760
Segment_Tree,4096,19,137950,2.191348,2281700.288318,65540
Hybrid_1,4096,19,76641,0.770556,6488823.198004,15048
Hybrid_2,4096,19,303975,0.423681,11801333.054979,116096
Hybrid_3,4096,19,269076,1.307576,3823869.072558,53328
Fischer_Heun,4096,19,160671,0.216061,23141568.336021,70044
Naive,4096,20,584,10.815041,462319.116044,0
Full_Precalc,4096,20,79640467,0.080646,61999099.971466,67141632
Block_Decomp,4096,20,41596,1.537164,3252743.657886,256
Sparse_Table,4096,20,437686,0.114350,43725482.083715,245760
Segment_Tree,4096,20,133212,2.135320,2341569.197456,65540
Hybrid_1,4096,20,66611,0.727394,6873858.368121,15048
Hybrid_2,4096,20,300994,0.411750,12143283.222909,116096
Hybrid_3,4096,20,238120,1.184967,4219528.063306,53328
Fischer_Heun,4096,20,175329,0.260628,19184439.326300,70080
Naive,4096,21,455,11.682436,427992.921545,0
Full_Precalc,4096,21,73634687,0.094501,52909740.490633,67141632
Block_Decomp,4096,21,32988,1.724762,2898950.579832,256
Sparse_Table,4096,21,508402,0.159484,31351027.903644,245760
Segment_Tree,4096,21,183604,2.776613,1800755.295620,65540
Hybrid_1,4096,21,70527,0.868050,5760037.614059,15048
Hybrid_2,4096,21,577171,0.572446,8734449.962653,116096
Hybrid_3,4096,21,304871,1.767821,2828340.786528,53328
Fischer_Heun,4096,21,134362,0.376375,13284615.742503,70116
Naive,4096,22,351,11.550511,432881.280246,0
Full_Precalc,4096,22,86272606,0.094070,53151951.095443,67141632
Block_Decomp,4096,22,48451,1.444214,3462091.953636,256
Sparse_Table,4096,22,550761,0.147389,33923818.786369,245760
Segment_Tree,4096,22,172620,2.462283,2030635.769739,65540
Hybrid_1,4096,22,74636,0.924743,5406908.514282,15048
Hybrid_2,4096,22,504564,0.408534,12238868.473137,116096
Hybrid_3,4096,22,273857,1.539868,3247031.958061,53328
Fischer_Heun,4096,22,152574,0.232373,21517125.434948,69684
Naive,4096,23,457,11.291090,442827.039780,0
Full_Precalc,4096,23,100970136,0.158304,31584775.324670,67141632
Block_Decomp,4096,23,32650,1.677039,2981444.388139,256
Sparse_Table,4096,23,525340,0.174564,28642774.777285,245760
Segment_Tree,4096,23,216217,2.341546,2135341.281179,65540
Hybrid_1,4096,23,57568,0.860988,5807278.986806,15048
Hybrid_2,4096,23,362467,0.482883,10354484.964397,116096
Hybrid_3,4096,23,417641,1.473288,3393770.333003,53328
Fischer_Heun,4096,23,159718,0.224242,22297292.946312,69936
Naive,4096,24,285,12.105063,413050.300315,0
Full_Precalc,4096,24,94937476,0.085016,58812693.345994,67141632
Block_Decomp,4096,24,32646,2.127964,2349663.583744,256
Sparse_Table,4096,24,397433,0.114392,43709395.010134,245760
Segment_Tree,4096,24,135527,2.774734,1801974.256258,65540
Hybrid_1,4096,24,68766,0.977159,5116874.798227,15048
Hybrid_2,4096,24,368797,0.411639,12146563.309195,116096
Hybrid_3,4096,24,305104,1.279638,3907353.931275,53328
Fischer_Heun,4096,24,263595,0.308834,16189909.713245,69792
Naive,4096,25,491,12.535342,398872.259335,0
Full_Precalc,4096,25,91847169,0.094087,53142368.852552,67141632
Block_Decomp,4096,25,39304,1.598907,3127136.972048,256
Sparse_Table,4096,25,484860,0.125161,39948696.605461,245760
Segment_Tree,4096,25,129377,2.166019,2308382.818151,65540
Hybrid_1,4096,25,53153,0.704378,7098466.194942,15048
Hybrid_2,4096,25,367611,0.426108,11734127.326344,116096
Hybrid_3,4096,25,311641,1.268385,3942021.942794,53328
Fischer_Heun,4096,25,200448,0.306726,16301217.921371,69756
Naive,4096,26,312,11.014877,453931.528577,0
Full_Precalc,4096,26,69070663,0.053713,93086532.141858,67141632
Block_Decomp,4096,26,18396,1.662316,3007851.471698,256
Sparse_Table,4096,26,463401,0.129959,38473622.730487,245760
Segment_Tree,4096,26,151994,2.321728,2153568.104879,65540
Hybrid_1,4096,26,61420,0.717368,6969928.147429,15048
Hybrid_2,4096,26,340062,0.516827,9674411.380611,116096
Hybrid_3,4096,26,512343,1.537982,3251012.930778,53328
Fischer_Heun,4096,26,174035,0.220417,22684262.231868,70080
Naive,4096,27,240,11.011444,454073.067390,0
Full_Precalc,4096,27,71130991,0.099808,50095985.912848,67141632
Block_Decomp,4096,27,26864,1.317800,3794203.002811,256
Sparse_Table,4096,27,491664,0.129736,38539934.914837,245760
Segment_Tree,4096,27,166978,2.277136,2195740.259680,65540
Hybrid_1,4096,27,59770,0.645446,7746575.912741,15048
Hybrid_2,4096,27,307157,0.387247,12911663.470238,116096
Hybrid_3,4096,27,208918,1.192178,4194006.320906,53328
Fischer_Heun,4096,27,168753,0.241332,20718329.855320,69972
Naive,4096,28,140,11.345764,440693.106814,0
Full_Precalc,4096,28,73755326,0.069428,72016840.994233,67141632
Block_Decomp,4096,28,20069,1.325163,3773121.201879,256
Sparse_Table,4096,28,571026,0.122059,40963708.268202,245760
Segment_Tree,4096,28,178487,2.279851,2193125.639350,65540
Hybrid_1,4096,28,61319,0.675014,7407250.472461,15048
Hybrid_2,4096,28,329202,0.410571,12178170.175957,116096
Hybrid_3,4096,28,227734,1.263290,3957920.491222,53328
Fischer_Heun,4096,28,170394,0.207309,24118543.218765,69900
Naive,4096,29,317,10.455728,478206.790627,0
Full_Precalc,4096,29,68295748,0.072592,68878268.900652,67141632
Block_Decomp,4096,29,24844,1.459535,3425748.020233,256
Sparse_Table,4096,29,422370,0.127968,39072207.917409,245760
Segment_Tree,4096,29,151275,2.109460,2370274.781789,65540
Hybrid_1,4096,29,52037,0.691739,7228159.377722,15048
Hybrid_2,4096,29,313632,0.389923,12823041.294099,116096
Hybrid_3,4096,29,193264,1.250351,3998876.693143,53328
Fischer_Heun,4096,29,300826,0.313116,15968529.885592,69900
Naive,4096,30,526,9.811546,509603.685602,0
Full_Precalc,4096,30,71504078,0.073892,67666566.497593,67141632
Block_Decomp,4096,30,22834,1.439172,3474221.093615,256
Sparse_Table,4096,30,388238,0.114285,43750338.518244,245760
Segment_Tree,4096,30,144954,2.013184,2483628.208467,65540
Hybrid_1,4096,30,53475,0.669758,7465379.251464,15048
Hybrid_2,4096,30,344242,0.432115,11570999.295289,116096
Hybrid_3,4096,30,224852,1.146124,4362529.826824,53328
Fischer_Heun,4096,30,142035,0.217233,23016775.532869,69936
Naive,16384,1,353,40.051663,124838.762349,0
Full_Precalc,16384,1,1360370733,0.139174,35926334.230045,1073872896
Block_Decomp,16384,1,91004,2.379989,2100850.472297,512
Sparse_Table,16384,1,3002330,0.178599,27995637.182298,1114112
Segment_Tree,16384,1,376118,2.634762,1897704.788152,262148
Hybrid_1,16384,1,177184,0.756941,6605536.783391,60892
Hybrid_2,16384,1,1232315,0.492725,10147656.026219,463484
Hybrid_3,16384,1,880827,1.290546,3874330.558878,215420
Fischer_Heun,16384,1,939177,0.296772,16847957.541314,280058
Naive,16384,2,256,40.456939,123588.193326,0
Full_Precalc,16384,2,882602008,0.104046,48055493.099433,1073872896
Block_Decomp,16384,2,87991,1.931845,2588199.450905,512
Sparse_Table,16384,2,2269474,0.133268,37518383.726638,1114112
Segment_Tree,16384,2,324266,2.113751,2365462.545967,262148
Hybrid_1,16384,2,162173,0.617504,8097114.052358,60892
Hybrid_2,16384,2,1085607,0.386501,12936562.242348,463484
Hybrid_3,16384,2,676401,1.030295,4852978.836300,215420
Fischer_Heun,16384,2,524372,0.235479,21233309.970747,279568
Naive,16384,3,421,32.198857,155285.013375,0
Full_Precalc,16384,3,874646416,0.104693,47758623.789025,1073872896
Block_Decomp,16384,3,87859,1.885621,2651646.853591,512
Sparse_Table,16384,3,2371715,0.135993,36766466.617626,1114112
Segment_Tree,16384,3,388035,2.156420,2318658.156020,262148
Hybrid_1,16384,3,178431,0.614568,8135797.538622,60892
Hybrid_2,16384,3,1154135,0.409310,12215694.223094,463484
Hybrid_3,16384,3,656865,1.053608,4745597.465335,215420
Fischer_Heun,16384,3,547786,0.216207,23126010.239522,280107
Naive,16384,4,343,34.473987,145036.892233,0
Full_Precalc,16384,4,927503935,0.103553,48284348.925727,1073872896
Block_Decomp,16384,4,90247,1.891314,2643665.047915,512
Sparse_Table,16384,4,2214469,0.140987,35464219.145667,1114112
Segment_Tree,16384,4,305004,2.173362,2300583.022676,262148
Hybrid_1,16384,4,157971,0.678947,7364347.012143,60892
Hybrid_2,16384,4,959082,0.408521,12239265.069732,463484
Hybrid_3,16384,4,652099,1.052100,4752397.861548,215420
Fischer_Heun,16384,4,544292,0.205500,24330935.170929,280842
Naive,16384,5,505,32.245821,155058.852072,0
Full_Precalc,16384,5,882999053,0.083015,60230021.584392,1073872896
Block_Decomp,16384,5,88272,1.930143,2590482.078104,512
Sparse_Table,16384,5,2250346,0.133357,37493319.346626,1114112
Segment_Tree,16384,5,398504,2.173644,2300284.273685,262148
Hybrid_1,16384,5,165230,0.619615,8069522.577978,60892
Hybrid_2,16384,5,1019200,0.394251,12682280.032987,463484
Hybrid_3,16384,5,695713,1.038799,4813248.847121,215420
Fischer_Heun,16384,5,568837,0.259386,19276317.612354,280303
Naive,16384,6,537,32.810748,152389.090411,0
Full_Precalc,16384,6,898725290,0.103871,48136546.206468,1073872896
Block_Decomp,16384,6,107865,1.914965,2611013.806953,512
Sparse_Table,16384,6,2049908,0.131180,38115641.942879,1114112
Segment_Tree,16384,6,354064,2.188942,2284208.619973,262148
Hybrid_1,16384,6,155008,0.642335,7784099.324410,60892
Hybrid_2,16384,6,1115735,0.414663,12057998.567963,463484
Hybrid_3,16384,6,641534,1.049026,4766325.905949,215420
Fischer_Heun,16384,6,614425,0.227314,21996012.879528,280107
Naive,16384,7,549,31.986366,156316.602948,0
Full_Precalc,16384,7,878095061,0.103328,48389745.566427,1073872896
Block_Decomp,16384,7,87995,1.925453,2596791.308682,512
Sparse_Table,16384,7,2506965,0.136778,36555653.240384,1114112
Segment_Tree,16384,7,342066,2.175199,2298640.094316,262148
Hybrid_1,16384,7,165715,0.641221,7797624.277226,60892
Hybrid_2,16384,7,1004698,0.403279,12398379.318571,463484
Hybrid_3,16384,7,605133,1.042741,4795055.335869,215420
Fischer_Heun,16384,7,510066,0.252082,19834832.100189,280597
Naive,16384,8,495,31.967179,156410.422947,0
Full_Precalc,16384,8,893489902,0.105138,47556451.552921,1073872896
Block_Decomp,16384,8,87958,1.927314,2594284.282519,512
Sparse_Table,16384,8,2487384,0.131962,37889739.448706,1114112
Segment_Tree,16384,8,368008,2.183990,2289388.250977,262148
Hybrid_1,16384,8,210027,0.655255,7630617.251038,60892
Hybrid_2,16384,8,1148672,0.401820,12443372.204039,463484
Hybrid_3,16384,8,649714,1.093364,4573042.233403,215420
Fischer_Heun,16384,8,558460,0.224116,22309862.700375,279421
Naive,16384,9,294,33.103196,151042.817862,0
Full_Precalc,16384,9,909865499,0.102765,48654565.990665,1073872896
Block_Decomp,16384,9,86852,1.912552,2614307.789889,512
Sparse_Table,16384,9,2682177,0.133475,37460070.561587,1114112
Segment_Tree,16384,9,351273,2.189299,2283836.353117,262148
Hybrid_1,16384,9,152277,0.622014,8038399.291942,60892
Hybrid_2,16384,9,1067988,0.392011,12754730.689435,463484
Hybrid_3,16384,9,719110,1.085443,4606413.200469,215420
Fischer_Heun,16384,9,648803,0.249696,20024319.536077,279617
Naive,16384,10,609,33.272847,150272.681533,0
Full_Precalc,16384,10,830176172,0.073059,68437819.176879,1073872896
Block_Decomp,16384,10,68649,1.893035,2641261.072296,512
Sparse_Table,16384,10,2157146,0.125952,39697693.489377,1114112
Segment_Tree,16384,10,290349,2.172273,2301736.519476,262148
Hybrid_1,16384,10,157668,0.625622,7992046.711518,60892
Hybrid_2,16384,10,1057474,0.412114,12132578.361806,463484
Hybrid_3,16384,10,706762,1.017103,4915924.158436,215420
Fischer_Heun,16384,10,432178,0.200451,24943788.424472,280401
Naive,16384,11,562,32.097372,155775.991902,0
Full_Precalc,16384,11,795308153,0.094492,52914789.483643,1073872896
Block_Decomp,16384,11,77152,1.729766,2890564.709324,512
Sparse_Table,16384,11,2876821,0.120838,41377744.496830,1114112
Segment_Tree,16384,11,316704,1.980864,2524150.552511,262148
Hybrid_1,16384,11,151262,0.579038,8635008.434590,60892
Hybrid_2,16384,11,873850,0.377859,13232446.969870,463484
Hybrid_3,16384,11,789654,0.965290,5179788.050159,215420
Fischer_Heun,16384,11,494731,0.206849,24172188.126223,280401
Naive,16384,12,469,32.246748,155054.397246,0
Full_Precalc,16384,12,785406747,0.097124,51480837.540099,1073872896
Block_Decomp,16384,12,77231,1.753395,2851611.269013,512
Sparse_Table,16384,12,1969073,0.099349,50327414.051044,1114112
Segment_Tree,16384,12,276804,1.989222,2513545.084754,262148
Hybrid_1,16384,12,153201,0.567163,8815805.733974,60892
Hybrid_2,16384,12,991999,0.375131,13328694.663245,463484
Hybrid_3,16384,12,746358,0.939007,5324772.893324,215420
Fischer_Heun,16384,12,450205,0.186112,26865591.109174,280058
Naive,16384,13,327,32.261693,154982.567288,0
Full_Precalc,16384,13,788753752,0.094966,52650185.522932,1073872896
Block_Decomp,16384,13,77360,1.742005,2870255.997260,512
Sparse_Table,16384,13,2301742,0.119192,41949017.111038,1114112
Segment_Tree,16384,13,315067,1.978632,2526998.298198,262148
Hybrid_1,16384,13,155253,0.629980,7936753.648322,60892
Hybrid_2,16384,13,1102807,0.360008,13888580.562400,463484
Hybrid_3,16384,13,1003839,0.936465,5339227.213708,215420
Fischer_Heun,16384,13,407425,0.218778,22854262.958818,279960
Naive,16384,14,223,31.931969,156582.891798,0
Full_Precalc,16384,14,782574455,0.096068,52046630.158176,1073872896
Block_Decomp,16384,14,93051,1.785268,2800699.859942,512
Sparse_Table,16384,14,2271942,0.095366,52429842.160170,1114112
Segment_Tree,16384,14,282339,1.976391,2529863.392942,262148
Hybrid_1,16384,14,160156,0.556755,8980610.861151,60892
Hybrid_2,16384,14,972505,0.370117,13509224.407787,463484
Hybrid_3,16384,14,754198,0.981806,5092655.831118,215420
Fischer_Heun,16384,14,446639,0.195748,25543030.524861,279911
Naive,16384,15,338,31.795433,157255.290401,0
Full_Precalc,16384,15,795591099,0.092562,54018024.907409,1073872896
Block_Decomp,16384,15,82489,1.986386,2517133.953363,512
Sparse_Table,16384,15,2077145,0.119502,41840397.060682,1114112
Segment_Tree,16384,15,362958,1.941475,2575361.715347,262148
Hybrid_1,16384,15,181917,0.596276,8385384.123864,60892
Hybrid_2,16384,15,929459,0.383471,13038782.065726,463484
Hybrid_3,16384,15,791635,0.940695,5315220.603639,215420
Fischer_Heun,16384,15,394441,0.243847,20504652.636913,280058
Naive,16384,16,527,31.799262,157236.355124,0
Full_Precalc,16384,16,769239335,0.096555,51783860.257069,1073872896
Block_Decomp,16384,16,82229,1.742118,2870068.850185,512
Sparse_Table,16384,16,1997374,0.109247,45767828.319750,1114112
Segment_Tree,16384,16,279655,1.990665,2511723.240916,262148
Hybrid_1,16384,16,153545,0.578830,8638108.505226,60892
Hybrid_2,16384,16,827851,0.369596,13528285.084560,463484
Hybrid_3,16384,16,760412,0.963985,5186801.698424,215420
Fischer_Heun,16384,16,487534,0.194924,25651048.887036,279421
Naive,16384,17,264,31.803251,157216.631691,0
Full_Precalc,16384,17,777986665,0.093747,53334815.898989,1073872896
Block_Decomp,16384,17,77282,1.813846,2756574.060028,512
Sparse_Table,16384,17,2010973,0.127019,39364253.140647,1114112
Segment_Tree,16384,17,395230,1.989563,2513114.977003,262148
Hybrid_1,16384,17,158637,0.605233,8261274.627006,60892
Hybrid_2,16384,17,993133,0.373169,13398760.445298,463484
Hybrid_3,16384,17,732403,0.957024,5224528.315321,215420
Fischer_Heun,16384,17,508703,0.200256,24968099.757026,280205
Naive,16384,18,445,31.692724,157764.917933,0
Full_Precalc,16384,18,782388038,0.095576,52314602.020327,1073872896
Block_Decomp,16384,18,77040,1.725865,2897097.788949,512
Sparse_Table,16384,18,2444477,0.126027,39673968.845778,1114112
Segment_Tree,16384,18,266123,1.984697,2519275.835975,262148
Hybrid_1,16384,18,163187,0.666987,7496397.418810,60892
Hybrid_2,16384,18,1181331,0.488406,10237383.737488,463484
Hybrid_3,16384,18,930070,1.018534,4909017.762049,215420
Fischer_Heun,16384,18,530566,0.192164,26019474.629651,280695
Naive,16384,19,252,31.749079,157484.883887,0
Full_Precalc,16384,19,783081680,0.092460,54077298.523127,1073872896
Block_Decomp,16384,19,77020,1.714430,2916420.825272,512
Sparse_Table,16384,19,2110176,0.113835,43923048.189970,1114112
Segment_Tree,16384,19,266762,2.062102,2424709.897730,262148
Hybrid_1,16384,19,165661,0.599551,8339574.643198,60892
Hybrid_2,16384,19,1327711,0.387480,12903878.093327,463484
Hybrid_3,16384,19,726688,0.982587,5088609.322977,215420
Fischer_Heun,16384,19,548677,0.199323,25084925.265335,280205
Naive,16384,20,312,33.286151,150212.622168,0
Full_Precalc,16384,20,821181297,0.094291,53027230.745036,1073872896
Block_Decomp,16384,20,82124,1.810422,2761786.409993,512
Sparse_Table,16384,20,2214492,0.124032,40312016.296116,1114112
Segment_Tree,16384,20,292049,2.087538,2395166.268200,262148
Hybrid_1,16384,20,173665,0.617145,8101820.123474,60892
Hybrid_2,16384,20,920725,0.396162,12621108.114714,463484
Hybrid_3,16384,20,896187,0.976280,5121480.382834,215420
Fischer_Heun,16384,20,463001,0.228741,21858782.081561,279813
Naive,16384,21,206,33.448760,149482.372543,0
Full_Precalc,16384,21,816638401,0.073806,67745363.442968,1073872896
Block_Decomp,16384,21,61798,1.819901,2747402.758462,512
Sparse_Table,16384,21,1969403,0.123987,40326899.526014,1114112
Segment_Tree,16384,21,289408,2.067139,2418801.755110,262148
Hybrid_1,16384,21,164830,0.601978,8305953.532735,60892
Hybrid_2,16384,21,890791,0.407803,12260807.462842,463484
Hybrid_3,16384,21,889722,1.229598,4066368.703283,215420
Fischer_Heun,16384,21,463752,0.191771,26072763.597491,280156
Naive,16384,22,204,33.423922,149593.457612,0
Full_Precalc,16384,22,807015926,0.092229,54212734.434703,1073872896
Block_Decomp,16384,22,77229,1.835846,2723540.106149,512
Sparse_Table,16384,22,1906185,0.114531,43656225.282118,1114112
Segment_Tree,16384,22,307407,2.159128,2315749.867439,262148
Hybrid_1,16384,22,196064,0.603532,8284563.420201,60892
Hybrid_2,16384,22,1149734,0.392574,12736440.718345,463484
Hybrid_3,16384,22,834851,0.973944,5133763.925661,215420
Fischer_Heun,16384,22,576865,0.229004,21833704.168610,279470
Naive,16384,23,189,33.405651,149675.273701,0
Full_Precalc,16384,23,810876339,0.094938,52665927.665392,1073872896
Block_Decomp,16384,23,72602,1.793510,2787830.183867,512
Sparse_Table,16384,23,2696357,0.119340,41897039.633946,1114112
Segment_Tree,16384,23,384966,2.061369,2425572.654151,262148
Hybrid_1,16384,23,138946,0.590314,8470071.198233,60892
Hybrid_2,16384,23,876010,0.386545,12935109.767147,463484
Hybrid_3,16384,23,700969,0.972683,5140420.433178,215420
Fischer_Heun,16384,23,430756,0.202244,24722640.772410,279911
Naive,16384,24,327,33.424561,149590.595302,0
Full_Precalc,16384,24,836536173,0.091205,54821794.465790,1073872896
Block_Decomp,16384,24,100251,1.849283,2703750.704244,512
Sparse_Table,16384,24,2520899,0.112856,44304394.904707,1114112
Segment_Tree,16384,24,315098,2.207218,2265294.809567,262148
Hybrid_1,16384,24,233979,0.748935,6676147.606307,60892
Hybrid_2,16384,24,886473,0.399987,12500394.949978,463484
Hybrid_3,16384,24,737356,0.991824,5041217.544134,215420
Fischer_Heun,16384,24,455936,0.190984,26180184.248911,280254
Naive,16384,25,660,33.441154,149516.369920,0
Full_Precalc,16384,25,815800679,0.079121,63194037.202759,1073872896
Block_Decomp,16384,25,65274,1.836840,2722066.053361,512
Sparse_Table,16384,25,2333029,0.114064,43835125.677103,1114112
Segment_Tree,16384,25,397140,2.100613,2380257.740135,262148
Hybrid_1,16384,25,139846,0.600876,8321184.653375,60892
Hybrid_2,16384,25,954120,0.377459,13246479.382501,463484
Hybrid_3,16384,25,673242,0.988098,5060226.527700,215420
Fischer_Heun,16384,25,460053,0.204983,24392280.003392,280156
Naive,16384,26,322,33.208322,150564.669783,0
Full_Precalc,16384,26,818380556,0.072096,69351718.307413,1073872896
Block_Decomp,16384,26,61724,1.801735,2775102.552708,512
Sparse_Table,16384,26,1946094,0.118033,42360876.355371,1114112
Segment_Tree,16384,26,288476,2.065776,2420398.280216,262148
Hybrid_1,16384,26,170351,0.601366,8314401.344471,60892
Hybrid_2,16384,26,918869,0.387551,12901541.514369,463484
Hybrid_3,16384,26,662971,0.982045,5091417.340257,215420
Fischer_Heun,16384,26,510244,0.234395,21331528.151341,280303
Naive,16384,27,197,33.269696,150286.914311,0
Full_Precalc,16384,27,798809456,0.069521,71920464.251775,1073872896
Block_Decomp,16384,27,73061,1.821680,2744719.728360,512
Sparse_Table,16384,27,2452054,0.110926,45075214.576502,1114112
Segment_Tree,16384,27,302520,2.307043,2167276.735634,262148
Hybrid_1,16384,27,185506,0.653948,7645864.909131,60892
Hybrid_2,16384,27,1424203,0.398659,12542044.759357,463484
Hybrid_3,16384,27,876120,0.962382,5195443.535337,215420
Fischer_Heun,16384,27,430270,0.192994,25907506.533174,280156
Naive,16384,28,675,33.806019,147902.656278,0
Full_Precalc,16384,28,814526525,0.092019,54336789.812452,1073872896
Block_Decomp,16384,28,82102,1.786262,2799141.193475,512
Sparse_Table,16384,28,2519656,0.132336,37782744.428683,1114112
Segment_Tree,16384,28,293438,2.100843,2379996.817897,262148
Hybrid_1,16384,28,173628,0.601522,8312250.335535,60892
Hybrid_2,16384,28,1131358,0.398231,12555522.308811,463484
Hybrid_3,16384,28,738585,1.001884,4990598.844643,215420
Fischer_Heun,16384,28,489040,0.191701,26082261.261108,280352
Naive,16384,29,281,33.316620,150075.248405,0
Full_Precalc,16384,29,812520161,0.092888,53828199.077695,1073872896
Block_Decomp,16384,29,81690,1.891749,2643056.232654,512
Sparse_Table,16384,29,2763192,0.120971,41332229.685647,1114112
Segment_Tree,16384,29,387798,2.063982,2422502.182068,262148
Hybrid_1,16384,29,162628,0.635110,7872657.695982,60892
Hybrid_2,16384,29,1350296,0.438066,11413801.135065,463484
Hybrid_3,16384,29,991135,1.004805,4976090.432840,215420
Fischer_Heun,16384,29,494975,0.210214,23785258.654960,279666
Naive,16384,30,337,33.420953,149606.743639,0
Full_Precalc,16384,30,817238579,0.096224,51961876.236517,1073872896
Block_Decomp,16384,30,77117,2.049010,2440203.016633,512
Sparse_Table,16384,30,2659466,0.130404,38342470.344016,1114112
Segment_Tree,16384,30,391546,2.086734,2396089.044805,262148
Hybrid_1,16384,30,179380,0.605263,8260869.945936,60892
Hybrid_2,16384,30,923350,0.389702,12830310.637884,463484
Hybrid_3,16384,30,684420,0.971959,5144248.964390,215420
Fischer_Heun,16384,30,459440,0.214339,23327583.923689,280597
Naive,65536,1,328,26.524336,37701.226052,0
Block_Decomp,65536,1,300319,0.623866,1602908.468440,1024
Sparse_Table,65536,1,8713174,0.035122,28472006.764265,4980736
Segment_Tree,65536,1,1321596,0.512435,1951466.253684,1048580
Hybrid_1,65536,1,584867,0.136272,7338249.892271,245760
Hybrid_2,65536,1,3798523,0.102886,9719458.426722,2113560
Hybrid_3,65536,1,2244566,0.225781,4429062.212955,704536
Fischer_Heun,65536,1,1470338,0.055961,17869657.041789,1121896
Naive,65536,2,418,26.414650,37857.779146,0
Block_Decomp,65536,2,312171,0.616097,1623119.920110,1024
Sparse_Table,65536,2,7712636,0.031735,31511012.610487,4980736
Segment_Tree,65536,2,1344334,0.524183,1907730.329521,1048580
Hybrid_1,65536,2,568183,0.130456,7665405.538817,245760
Hybrid_2,65536,2,3581673,0.103534,9658628.057756,2113560
Hybrid_3,65536,2,2621238,0.222487,4494640.610762,704536
Fischer_Heun,65536,2,1356175,0.052457,19063128.445815,1120488
Naive,65536,3,301,26.524425,37701.100324,0
Block_Decomp,65536,3,370711,0.776980,1287034.577633,1024
Sparse_Table,65536,3,20163546,0.067930,14720997.136751,4980736
Segment_Tree,65536,3,1853960,1.883076,531045.970213,1048580
Hybrid_1,65536,3,892983,0.220866,4527624.000676,245760
Hybrid_2,65536,3,4541512,0.138768,7206279.298119,2113560
Hybrid_3,65536,3,3055010,0.303929,3290245.972044,704536
Fischer_Heun,65536,3,2010036,0.057062,17524813.865885,1122344
Naive,65536,4,1053,30.997199,32260.979862,0
Block_Decomp,65536,4,331773,0.622407,1606666.906746,1024
Sparse_Table,65536,4,8033161,0.038312,26101556.143455,4980736
Segment_Tree,65536,4,1795425,0.537179,1861577.882684,1048580
Hybrid_1,65536,4,580222,0.136193,7342534.429658,245760
Hybrid_2,65536,4,3915462,0.104893,9533566.993433,2113560
Hybrid_3,65536,4,2308696,0.224991,4444624.580140,704536
Fischer_Heun,65536,4,1487019,0.056097,17826288.099056,1121320
Naive,65536,5,365,26.607588,37583.264092,0
Block_Decomp,65536,5,298763,0.595866,1678229.522631,1024
Sparse_Table,65536,5,8096195,0.034756,28771998.998504,4980736
Segment_Tree,65536,5,1317607,0.522423,1914158.761698,1048580
Hybrid_1,65536,5,526865,0.136653,7317828.245668,245760
Hybrid_2,65536,5,4140223,0.102859,9722045.456532,2113560
Hybrid_3,65536,5,2233588,0.220174,4541855.806007,704536
Fischer_Heun,65536,5,1641854,0.048226,20735897.510919,1121000
Naive,65536,6,283,26.040493,38401.731059,0
Block_Decomp,65536,6,291331,0.605561,1651362.003252,1024
Sparse_Table,65536,6,8491978,0.031858,31389671.285165,4980736
Segment_Tree,65536,6,1392084,0.511903,1953494.420293,1048580
Hybrid_1,65536,6,492049,0.132484,7548054.101463,245760
Hybrid_2,65536,6,3573170,0.101571,9845284.116784,2113560
Hybrid_3,65536,6,2498924,0.216103,4627423.034386,704536
Fischer_Heun,65536,6,1545022,0.051653,19359792.943143,1122408
Naive,65536,7,369,25.974840,38498.793030,0
Block_Decomp,65536,7,355794,0.618673,1616361.504242,1024
Sparse_Table,65536,7,8281839,0.033486,29863233.557483,4980736
Segment_Tree,65536,7,1279973,0.512716,1950398.761562,1048580
Hybrid_1,65536,7,610735,0.144363,6926995.775024,245760
Hybrid_2,65536,7,4479995,0.118874,8412241.278155,2113560
Hybrid_3,65536,7,2685296,0.236530,4227795.355612,704536
Fischer_Heun,65536,7,1596856,0.060568,16510340.707061,1122856
Naive,65536,8,451,26.029717,38417.628565,0
Block_Decomp,65536,8,290970,0.598116,1671917.761883,1024
Sparse_Table,65536,8,8102781,0.036654,27281904.905537,4980736
Segment_Tree,65536,8,1609796,0.528182,1893288.074156,1048580
Hybrid_1,65536,8,525308,0.134303,7445862.252442,245760
Hybrid_2,65536,8,4073504,0.107482,9303864.310731,2113560
Hybrid_3,65536,8,2354326,0.220087,4543667.004896,704536
Fischer_Heun,65536,8,1662958,0.057123,17506081.831654,1122984
Naive,65536,9,389,26.203491,38162.853569,0
Block_Decomp,65536,9,274082,0.612079,1633776.520647,1024
Sparse_Table,65536,9,10975845,0.035563,28118865.078740,4980736
Segment_Tree,65536,9,1418684,0.513947,1945727.658862,1048580
Hybrid_1,65536,9,493064,0.133182,7508548.332105,245760
Hybrid_2,65536,9,3699607,0.106872,9356986.485190,2113560
Hybrid_3,65536,9,2460727,0.222710,4490147.419936,704536
Fischer_Heun,65536,9,1630353,0.057493,17393490.482708,1122344
Naive,65536,10,516,26.196787,38172.619525,0
Block_Decomp,65536,10,273021,0.603581,1656778.498983,1024
Sparse_Table,65536,10,8536985,0.037428,26717897.344228,4980736
Segment_Tree,65536,10,1430309,0.508418,1966884.157570,1048580
Hybrid_1,65536,10,663306,0.138443,7223177.796477,245760
Hybrid_2,65536,10,4048095,0.104537,9565997.668939,2113560
Hybrid_3,65536,10,2201990,0.223775,4468778.832002,704536
Fischer_Heun,65536,10,1427375,0.054975,18189998.389458,1122088
Naive,65536,11,677,25.960610,38519.896131,0
Block_Decomp,65536,11,309116,0.599965,1666764.925237,1024
Sparse_Table,65536,11,8213317,0.036284,27560085.257675,4980736
Segment_Tree,65536,11,1448234,0.518371,1929121.517434,1048580
Hybrid_1,65536,11,550229,0.134428,7438927.244204,245760
Hybrid_2,65536,11,3416670,0.112955,8853098.212987,2113560
Hybrid_3,65536,11,2710505,0.224164,4461025.361951,704536
Fischer_Heun,65536,11,1436460,0.058911,16974693.414121,1120424
Naive,65536,12,314,26.311734,38005.856859,0
Block_Decomp,65536,12,300722,0.590490,1693508.795183,1024
Sparse_Table,65536,12,7671289,0.034680,28835027.684366,4980736
Segment_Tree,65536,12,1352300,0.508113,1968067.053241,1048580
Hybrid_1,65536,12,634067,0.132670,7537478.377613,245760
Hybrid_2,65536,12,3586526,0.103465,9665077.518513,2113560
Hybrid_3,65536,12,2251129,0.216167,4626049.859464,704536
Fischer_Heun,65536,12,1550005,0.048144,20770949.517370,1121640
Naive,65536,13,251,26.376188,37912.984250,0
Block_Decomp,65536,13,289264,0.601721,1661898.800880,1024
Sparse_Table,65536,13,8034912,0.032378,30885575.305920,4980736
Segment_Tree,65536,13,1452588,0.514486,1943688.151066,1048580
Hybrid_1,65536,13,471882,0.129045,7749218.729580,245760
Hybrid_2,65536,13,3670142,0.104382,9580189.669936,2113560
Hybrid_3,65536,13,2336285,0.219483,4556157.705458,704536
Fischer_Heun,65536,13,1373307,0.052687,18980053.671796,1123048
Naive,65536,14,441,26.172366,38208.237747,0
Block_Decomp,65536,14,283862,0.671362,1489508.293829,1024
Sparse_Table,65536,14,8038068,0.035980,27793250.898181,4980736
Segment_Tree,65536,14,1498593,0.509928,1961059.500361,1048580
Hybrid_1,65536,14,622705,0.136115,7346739.717847,245760
Hybrid_2,65536,14,4003513,0.107259,9323266.070630,2113560
Hybrid_3,65536,14,2313461,0.219301,4559952.125610,704536
Fischer_Heun,65536,14,1379750,0.047489,21057307.631177,1121576
Naive,65536,15,347,26.212793,38149.310764,0
Block_Decomp,65536,15,300295,0.603265,1657646.827340,1024
Sparse_Table,65536,15,7709567,0.032077,31175186.372279,4980736
Segment_Tree,65536,15,1353784,0.520008,1923048.158714,1048580
Hybrid_1,65536,15,611839,0.137718,7261239.252903,245760
Hybrid_2,65536,15,3596075,0.101782,9824886.238379,2113560
Hybrid_3,65536,15,2119476,0.218000,4587151.923242,704536
Fischer_Heun,65536,15,1458898,0.053005,18866188.838929,1122088
Naive,65536,16,354,26.446862,37811.668910,0
Block_Decomp,65536,16,299448,0.640450,1561401.066412,1024
Sparse_Table,65536,16,8052453,0.035303,28326397.945271,4980736
Segment_Tree,65536,16,1441787,0.528973,1890455.924564,1048580
Hybrid_1,65536,16,589538,0.141679,7058229.824334,245760
Hybrid_2,65536,16,3714464,0.109775,9109565.895935,2113560
Hybrid_3,65536,16,2252681,0.225390,4436758.027368,704536
Fischer_Heun,65536,16,1573144,0.061662,16217463.996662,1122536
Naive,65536,17,369,26.444794,37814.625523,0
Block_Decomp,65536,17,278177,0.591167,1691568.176956,1024
Sparse_Table,65536,17,7897182,0.032891,30403084.088850,4980736
Segment_Tree,65536,17,1514714,0.509387,1963143.249750,1048580
Hybrid_1,65536,17,502089,0.138246,7233469.785507,245760
Hybrid_2,65536,17,3997765,0.102808,9726825.036887,2113560
Hybrid_3,65536,17,2426070,0.215721,4635626.241398,704536
Fischer_Heun,65536,17,1412905,0.050364,19855274.112781,1122408
Naive,65536,18,232,25.974697,38499.006008,0
Block_Decomp,65536,18,291573,0.610061,1639181.139587,1024
Sparse_Table,65536,18,8116154,0.030709,32563710.655670,4980736
Segment_Tree,65536,18,1533543,0.510719,1958025.152983,1048580
Hybrid_1,65536,18,567507,0.131474,7606068.797105,245760
Hybrid_2,65536,18,3700755,0.101904,9813118.962479,2113560
Hybrid_3,65536,18,2189700,0.218996,4566284.315547,704536
Fischer_Heun,65536,18,1381018,0.051394,19457633.639260,1122408
Naive,65536,19,242,26.172315,38208.312560,0
Block_Decomp,65536,19,279722,0.607066,1647267.882754,1024
Sparse_Table,65536,19,8333958,0.037858,26414771.182309,4980736
Segment_Tree,65536,19,1539364,0.509462,1962856.536009,1048580
Hybrid_1,65536,19,510657,0.134615,7428586.141417,245760
Hybrid_2,65536,19,3519741,0.106983,9347305.511128,2113560
Hybrid_3,65536,19,2216489,0.218213,4582669.193819,704536
Fischer_Heun,65536,19,1424555,0.058618,17059492.472252,1123688
Naive,65536,20,328,26.235352,38116.508023,0
Block_Decomp,65536,20,282967,0.610968,1636745.818298,1024
Sparse_Table,65536,20,8600481,0.032820,30469421.041390,4980736
Segment_Tree,65536,20,1277167,0.522341,1914456.735550,1048580
Hybrid_1,65536,20,569900,0.159390,6273932.424992,245760
Hybrid_2,65536,20,3550367,0.102639,9742843.017127,2113560
Hybrid_3,65536,20,2447281,0.222559,4493186.430999,704536
Fischer_Heun,65536,20,1411036,0.052474,19057195.923811,1121128
Naive,65536,21,310,25.970856,38504.698605,0
Block_Decomp,65536,21,319658,0.597112,1674728.230587,1024
Sparse_Table,65536,21,7955069,0.035273,28349994.861563,4980736
Segment_Tree,65536,21,1637856,0.515367,1940364.063097,1048580
Hybrid_1,65536,21,546099,0.138081,7242107.589170,245760
Hybrid_2,65536,21,3409756,0.105033,9520791.342280,2113560
Hybrid_3,65536,21,2152320,0.220662,4531825.143134,704536
Fischer_Heun,65536,21,1559280,0.055841,17908104.525810,1122728
Naive,65536,22,791,26.309874,38008.544419,0
Block_Decomp,65536,22,297248,0.593212,1685738.545033,1024
Sparse_Table,65536,22,7539063,0.036713,27238641.084898,4980736
Segment_Tree,65536,22,1347750,0.504710,1981335.930453,1048580
Hybrid_1,65536,22,493270,0.137901,7251573.299530,245760
Hybrid_2,65536,22,3471702,0.101378,9864118.317732,2113560
Hybrid_3,65536,22,2241187,0.217122,4605703.490419,704536
Fischer_Heun,65536,22,1696881,0.052726,18966150.220293,1121640
Naive,65536,23,319,25.996212,38467.142603,0
Block_Decomp,65536,23,278685,0.592048,1689053.134818,1024
Sparse_Table,65536,23,8021257,0.036250,27586169.607660,4980736
Segment_Tree,65536,23,1436633,0.508075,1968214.400271,1048580
Hybrid_1,65536,23,507173,0.134814,7417604.690775,245760
Hybrid_2,65536,23,3818709,0.103194,9690497.525260,2113560
Hybrid_3,65536,23,2208412,0.218966,4566911.243793,704536
Fischer_Heun,65536,23,1448709,0.053884,18558384.333784,1122792
Naive,65536,24,354,26.150046,38240.850475,0
Block_Decomp,65536,24,311880,0.601192,1663363.133227,1024
Sparse_Table,65536,24,8763907,0.039135,25552524.146049,4980736
Segment_Tree,65536,24,1540744,0.516121,1937530.854816,1048580
Hybrid_1,65536,24,674212,0.133429,7494612.048452,245760
Hybrid_2,65536,24,3827983,0.105035,9520656.010520,2113560
Hybrid_3,65536,24,2192767,0.226063,4423546.314083,704536
Fischer_Heun,65536,24,1985343,0.051802,19304170.741375,1122792
Naive,65536,25,370,26.130838,38268.960316,0
Block_Decomp,65536,25,269622,0.593763,1684174.315504,1024
Sparse_Table,65536,25,8077485,0.037892,26390636.792079,4980736
Segment_Tree,65536,25,1538670,0.507463,1970585.286255,1048580
Hybrid_1,65536,25,536243,0.134181,7452636.742134,245760
Hybrid_2,65536,25,3358818,0.108947,9178786.711441,2113560
Hybrid_3,65536,25,2416378,0.219667,4552353.989699,704536
Fischer_Heun,65536,25,1360412,0.053599,18656940.927741,1121128
Naive,65536,26,349,26.662232,37506.236747,0
Block_Decomp,65536,26,270418,0.597792,1672822.505722,1024
Sparse_Table,65536,26,8732626,0.037720,26510947.722373,4980736
Segment_Tree,65536,26,1498596,0.515526,1939766.220267,1048580
Hybrid_1,65536,26,483640,0.134090,7457692.973865,245760
Hybrid_2,65536,26,3505878,0.104721,9549168.203947,2113560
Hybrid_3,65536,26,2214401,0.220311,4539029.013455,704536
Fischer_Heun,65536,26,1387085,0.047920,20868224.570060,1122536
Naive,65536,27,318,25.943304,38545.591744,0
Block_Decomp,65536,27,311530,0.600249,1665975.389615,1024
Sparse_Table,65536,27,8281728,0.036448,27436576.512271,4980736
Segment_Tree,65536,27,1545174,0.514258,1944550.788146,1048580
Hybrid_1,65536,27,567134,0.135605,7374377.189600,245760
Hybrid_2,65536,27,3647642,0.106135,9421978.218949,2113560
Hybrid_3,65536,27,2502893,0.216252,4624236.250158,704536
Fischer_Heun,65536,27,1785839,0.061613,16230387.098790,1121768
Naive,65536,28,223,26.017340,38435.904659,0
Block_Decomp,65536,28,285300,0.588580,1699005.324469,1024
Sparse_Table,65536,28,8082416,0.036330,27525542.878025,4980736
Segment_Tree,65536,28,1351687,0.504664,1981514.541987,1048580
Hybrid_1,65536,28,752030,0.134620,7428308.852710,245760
Hybrid_2,65536,28,3294972,0.102891,9719064.039360,2113560
Hybrid_3,65536,28,2360316,0.219078,4564579.636176,704536
Fischer_Heun,65536,28,1419128,0.049621,20152839.131977,1121640
Naive,65536,29,438,25.974445,38499.379233,0
Block_Decomp,65536,29,264549,0.587195,1703012.933527,1024
Sparse_Table,65536,29,8354972,0.035449,28209596.966949,4980736
Segment_Tree,65536,29,1358890,0.512492,1951248.432552,1048580
Hybrid_1,65536,29,488132,0.131821,7586058.638807,245760
Hybrid_2,65536,29,3659423,0.104477,9571454.767133,2113560
Hybrid_3,65536,29,2223629,0.225387,4436820.350389,704536
Fischer_Heun,65536,29,1558334,0.046758,21386514.694664,1121896
Naive,65536,30,251,26.290911,38035.958162,0
Block_Decomp,65536,30,348995,0.643096,1554978.629112,1024
Sparse_Table,65536,30,7956808,0.034608,28895044.817659,4980736
Segment_Tree,65536,30,1364653,0.514738,1942737.467343,1048580
Hybrid_1,65536,30,622942,0.130536,7660730.456011,245760
Hybrid_2,65536,30,3532180,0.101746,9828377.462453,2113560
Hybrid_3,65536,30,2226802,0.223730,4469671.249109,704536
Fischer_Heun,65536,30,1504569,0.052834,18927122.496507,1122472
Naive,262144,1,465,104.023233,9613.237109,0
Block_Decomp,262144,1,1255853,1.089288,918031.141171,2048
Sparse_Table,262144,1,60404489,0.049843,20063001.435849,22020096
Segment_Tree,262144,1,5759918,0.604719,1653659.797263,4194308
Hybrid_1,262144,1,2401372,0.163145,6129506.994313,932096
Hybrid_2,262144,1,15546458,0.158565,6306562.653874,8388624
Hybrid_3,262144,1,7103355,0.252001,3968240.976989,2854548
Fischer_Heun,262144,1,5573818,0.068565,14584797.008868,4383078
Naive,262144,2,392,108.942892,9179.121113,0
Block_Decomp,262144,2,1084435,1.073428,931594.654383,2048
Sparse_Table,262144,2,63156459,0.046220,21635627.006204,22020096
Segment_Tree,262144,2,5696077,0.601247,1663209.854078,4194308
Hybrid_1,262144,2,2361831,0.158648,6303245.603563,932096
Hybrid_2,262144,2,14620776,0.156216,6401383.354306,8388624
Hybrid_3,262144,2,7147760,0.244138,4096050.600709,2854548
Fischer_Heun,262144,2,6034604,0.061159,16350773.537110,4379433
Naive,262144,3,449,105.314811,9495.340564,0
Block_Decomp,262144,3,1214764,1.083895,922598.571615,2048
Sparse_Table,262144,3,61216235,0.053113,18827776.249276,22020096
Segment_Tree,262144,3,6513807,0.615856,1623756.679971,4194308
Hybrid_1,262144,3,2120386,0.164546,6077310.709304,932096
Hybrid_2,262144,3,15002417,0.151332,6608008.782414,8388624
Hybrid_3,262144,3,6137928,0.264049,3787181.329663,2854548
Fischer_Heun,262144,3,5609903,0.065995,15152757.677645,4377327
Naive,262144,4,503,104.063390,9609.527405,0
Block_Decomp,262144,4,1201405,1.135104,880976.628701,2048
Sparse_Table,262144,4,53685044,0.040792,24514680.420252,22020096
Segment_Tree,262144,4,4714859,0.590544,1693353.818422,4194308
Hybrid_1,262144,4,2291222,0.159654,6263557.352448,932096
Hybrid_2,262144,4,16310097,0.138583,7215915.764401,8388624
Hybrid_3,262144,4,6072219,0.246397,4058496.654510,2854548
Fischer_Heun,262144,4,5800522,0.088325,11321877.035426,4377408
Naive,262144,5,103,105.429158,9485.042116,0
Block_Decomp,262144,5,1116613,1.087321,919691.690210,2048
Sparse_Table,262144,5,57847983,0.046635,21442942.795160,22020096
Segment_Tree,262144,5,5702620,0.596835,1675503.610602,4194308
Hybrid_1,262144,5,2092534,0.157363,6354716.877250,932096
Hybrid_2,262144,5,15272834,0.155928,6413212.161077,8388624
Hybrid_3,262144,5,7142672,0.250295,3995293.224958,2854548
Fischer_Heun,262144,5,6285900,0.072111,13867603.850429,4377408
Naive,262144,6,208,104.219396,9595.142963,0
Block_Decomp,262144,6,1073952,1.101903,907520.505907,2048
Sparse_Table,262144,6,57907336,0.050617,19756154.526161,22020096
Segment_Tree,262144,6,6457730,0.607101,1647171.033083,4194308
Hybrid_1,262144,6,2267611,0.157312,6356800.243318,932096
Hybrid_2,262144,6,15695831,0.152624,6552058.710901,8388624
Hybrid_3,262144,6,6951937,0.259643,3851439.294804,2854548
Fischer_Heun,262144,6,6236613,0.068418,14616130.926273,4378785
Naive,262144,7,603,104.278471,9589.707143,0
Block_Decomp,262144,7,1584244,1.100071,909032.397981,2048
Sparse_Table,262144,7,55786608,0.041177,24285143.723609,22020096
Segment_Tree,262144,7,4819797,0.595432,1679453.146812,4194308
Hybrid_1,262144,7,2224469,0.157068,6366651.986228,932096
Hybrid_2,262144,7,15823945,0.154095,6489488.067649,8388624
Hybrid_3,262144,7,7433885,0.247474,4040824.563710,2854548
Fischer_Heun,262144,7,6978452,0.065151,15348977.656017,4382673
Naive,262144,8,418,104.343164,9583.761549,0
Block_Decomp,262144,8,1177442,1.072235,932631.611982,2048
Sparse_Table,262144,8,58358310,0.050904,19644999.535298,22020096
Segment_Tree,262144,8,6046415,0.604452,1654390.033806,4194308
Hybrid_1,262144,8,2179025,0.177521,5633121.986671,932096
Hybrid_2,262144,8,18218543,0.161916,6176028.014068,8388624
Hybrid_3,262144,8,7241067,0.254365,3931364.369508,2854548
Fischer_Heun,262144,8,5589241,0.063855,15660445.951244,4378461
Naive,262144,9,477,104.029848,9612.625750,0
Block_Decomp,262144,9,1169500,1.085518,921219.415930,2048
Sparse_Table,262144,9,57475286,0.045811,21828874.632887,22020096
Segment_Tree,262144,9,5668647,0.602130,1660770.502351,4194308
Hybrid_1,262144,9,2507354,0.160446,6232629.428060,932096
Hybrid_2,262144,9,16094528,0.153736,6504648.449445,8388624
Hybrid_3,262144,9,7032006,0.255330,3916501.641933,2854548
Fischer_Heun,262144,9,7880197,0.070967,14091046.280055,4381215
Naive,262144,10,389,104.696656,9551.403409,0
Block_Decomp,262144,10,1597888,1.077211,928323.569958,2048
Sparse_Table,262144,10,56965085,0.046725,21401623.574248,22020096
Segment_Tree,262144,10,5807862,0.593394,1685222.125067,4194308
Hybrid_1,262144,10,2704474,0.158508,6308823.748643,932096
Hybrid_2,262144,10,14732189,0.157938,6331617.718196,8388624
Hybrid_3,262144,10,6928244,0.253882,3938841.249545,2854548
Fischer_Heun,262144,10,6378316,0.067279,14863534.839613,4376841
Naive,262144,11,375,105.284212,9498.100260,0
Block_Decomp,262144,11,1406347,1.087604,919452.584706,2048
Sparse_Table,262144,11,57699841,0.046442,21532177.653988,22020096
Segment_Tree,262144,11,5701519,0.606989,1647474.994320,4194308
Hybrid_1,262144,11,2243523,0.179858,5559937.867694,932096
Hybrid_2,262144,11,15759872,0.156096,6406334.296348,8388624
Hybrid_3,262144,11,6871578,0.279278,3580661.280965,2854548
Fischer_Heun,262144,11,5668934,0.066259,15092389.344224,4376031
Naive,262144,12,599,104.145576,9601.944079,0
Block_Decomp,262144,12,1117409,0.991056,1009024.345452,2048
Sparse_Table,262144,12,59114742,0.048348,20683232.101667,22020096
Segment_Tree,262144,12,5878389,0.572077,1748016.777514,4194308
Hybrid_1,262144,12,2342965,0.160072,6247169.602677,932096
Hybrid_2,262144,12,15079133,0.155307,6438845.627788,8388624
Hybrid_3,262144,12,6774431,0.249671,4005270.391118,2854548
Fischer_Heun,262144,12,6104147,0.067470,14821477.233514,4378542
Naive,262144,13,379,103.531850,9658.863426,0
Block_Decomp,262144,13,1257030,1.075941,929418.759938,2048
Sparse_Table,262144,13,62430226,0.049787,20085417.253956,22020096
Segment_Tree,262144,13,5780383,0.601113,1663580.325903,4194308
Hybrid_1,262144,13,2363117,0.168563,5932492.412817,932096
Hybrid_2,262144,13,15827970,0.158015,6328501.261042,8388624
Hybrid_3,262144,13,7499200,0.262187,3814077.178363,2854548
Fischer_Heun,262144,13,7306375,0.066250,15094330.964761,4377084
Naive,262144,14,376,104.056768,9610.138956,0
Block_Decomp,262144,14,1293056,1.071686,933109.165303,2048
Sparse_Table,262144,14,59896415,0.049271,20295792.915530,22020096
Segment_Tree,262144,14,5651435,0.626978,1594951.842168,4194308
Hybrid_1,262144,14,2507823,0.162601,6150012.935937,932096
Hybrid_2,262144,14,15208226,0.158514,6308586.661465,8388624
Hybrid_3,262144,14,7428786,0.259046,3860311.613232,2854548
Fischer_Heun,262144,14,5748928,0.068868,14520468.778814,4378623
Naive,262144,15,471,104.190563,9597.798229,0
Block_Decomp,262144,15,1076581,1.073527,931509.039203,2048
Sparse_Table,262144,15,56330691,0.040564,24652305.121186,22020096
Segment_Tree,262144,15,4783864,0.596373,1676804.084791,4194308
Hybrid_1,262144,15,2166812,0.161518,6191246.694075,932096
Hybrid_2,262144,15,15441400,0.145784,6859476.631399,8388624
Hybrid_3,262144,15,6485020,0.250706,3988736.144183,2854548
Fischer_Heun,262144,15,5807172,0.061456,16271796.274507,4379595
Naive,262144,16,240,103.943356,9620.624522,0
Block_Decomp,262144,16,1159871,1.072123,932729.005153,2048
Sparse_Table,262144,16,55083917,0.039752,25156180.258421,22020096
Segment_Tree,262144,16,4577172,0.589886,1695241.734809,4194308
Hybrid_1,262144,16,2109731,0.158301,6317076.933861,932096
Hybrid_2,262144,16,14925264,0.144227,6933538.133409,8388624
Hybrid_3,262144,16,6281001,0.250273,3995630.314758,2854548
Fischer_Heun,262144,16,6567808,0.068126,14678743.945752,4379676
Naive,262144,17,286,128.275316,7795.732127,0
Block_Decomp,262144,17,1440725,1.326986,753587.305418,2048
Sparse_Table,262144,17,69362563,0.052649,18993660.770749,22020096
Segment_Tree,262144,17,9066501,0.774608,1290975.522749,4194308
Hybrid_1,262144,17,3143385,0.187379,5336764.858906,932096
Hybrid_2,262144,17,17910344,0.199179,5020612.022245,8388624
Hybrid_3,262144,17,8725703,0.408578,2447515.418185,2854548
Fischer_Heun,262144,17,6678803,0.074852,13359617.043906,4379838
Naive,262144,18,269,135.381749,7386.520039,0
Block_Decomp,262144,18,1440118,1.455561,687020.211577,2048
Sparse_Table,262144,18,66989126,0.054607,18312743.979543,22020096
Segment_Tree,262144,18,5931694,0.820875,1218212.881946,4194308
Hybrid_1,262144,18,2894603,0.219076,4564620.682258,932096
Hybrid_2,262144,18,20787895,0.213355,4687019.953952,8388624
Hybrid_3,262144,18,12045073,0.344030,2906719.322081,2854548
Fischer_Heun,262144,18,7650100,0.074413,13438587.937685,4379838
Naive,262144,19,357,136.404562,7331.133082,0
Block_Decomp,262144,19,1575800,1.377211,726105.395353,2048
Sparse_Table,262144,19,65283250,0.061120,16361316.775135,22020096
Segment_Tree,262144,19,7351999,0.827829,1207979.479502,4194308
Hybrid_1,262144,19,3271216,0.199650,5008767.170749,932096
Hybrid_2,262144,19,23335583,0.199111,5022326.122989,8388624
Hybrid_3,262144,19,8585531,0.336685,2970137.345121,2854548
Fischer_Heun,262144,19,7883705,0.075373,13267402.832394,4377165
Naive,262144,20,328,137.370084,7279.605364,0
Block_Decomp,262144,20,1447036,1.470465,680056.759387,2048
Sparse_Table,262144,20,67272759,0.061520,16254837.622543,22020096
Segment_Tree,262144,20,6213149,0.899232,1112060.611938,4194308
Hybrid_1,262144,20,3862460,0.211340,4731707.925732,932096
Hybrid_2,262144,20,19554828,0.216321,4622749.800837,8388624
Hybrid_3,262144,20,11788712,0.373847,2674893.261661,2854548
Fischer_Heun,262144,20,8074318,0.089331,11194264.220211,4378866
Naive,262144,21,502,138.885971,7200.151250,0
Block_Decomp,262144,21,1284487,1.414810,706808.779016,2048
Sparse_Table,262144,21,71851165,0.065048,15373364.919654,22020096
Segment_Tree,262144,21,6975168,0.820298,1219068.744000,4194308
Hybrid_1,262144,21,2867015,0.228216,4381818.654816,932096
Hybrid_2,262144,21,23548660,0.216311,4622980.584998,8388624
Hybrid_3,262144,21,9211318,0.353072,2832280.115041,2854548
Fischer_Heun,262144,21,7550153,0.076717,13034944.679304,4381377
Naive,262144,22,413,133.676319,7480.756554,0
Block_Decomp,262144,22,1266283,1.409699,709371.118215,2048
Sparse_Table,262144,22,68049259,0.052337,19106900.663529,22020096
Segment_Tree,262144,22,6399885,0.807004,1239150.761111,4194308
Hybrid_1,262144,22,2372168,0.202104,4947945.999998,932096
Hybrid_2,262144,22,18829959,0.198785,5030548.635407,8388624
Hybrid_3,262144,22,8730860,0.337786,2960457.924342,2854548
Fischer_Heun,262144,22,7899006,0.076570,13059869.760188,4379919
Naive,262144,23,544,49.078844,20375.378198,0
Block_Decomp,262144,23,539772,0.496327,2014802.609708,2048
Sparse_Table,262144,23,39431927,0.028530,35050333.505676,22020096
Segment_Tree,262144,23,2112532,0.291345,3432360.161863,4194308
Hybrid_1,262144,23,1016349,0.072917,13714256.687082,932096
Hybrid_2,262144,23,6268545,0.091304,10952367.856478,8388624
Hybrid_3,262144,23,3280093,0.130840,7642943.741231,2854548
Fischer_Heun,262144,23,3089691,0.032500,30769160.710219,4379190
Naive,262144,24,300,49.347566,20264.423953,0
Block_Decomp,262144,24,516082,0.527634,1895254.614494,2048
Sparse_Table,262144,24,39165360,0.029542,33849936.394277,22020096
Segment_Tree,262144,24,2485337,0.326365,3064055.101418,4194308
Hybrid_1,262144,24,1206003,0.079241,12619673.467716,932096
Hybrid_2,262144,24,7617535,0.089385,11187555.053259,8388624
Hybrid_3,262144,24,3360193,0.145404,6877375.703470,2854548
Fischer_Heun,262144,24,3119508,0.029218,34225603.955275,4378542
Naive,262144,25,288,55.241183,18102.436265,0
Block_Decomp,262144,25,593197,0.584670,1710366.277042,2048
Sparse_Table,262144,25,37922394,0.028696,34847616.773231,22020096
Segment_Tree,262144,25,2575673,0.357576,2796611.034308,4194308
Hybrid_1,262144,25,1350722,0.091712,10903678.560952,932096
Hybrid_2,262144,25,8408950,0.098979,10103204.027072,8388624
Hybrid_3,262144,25,3775366,0.158606,6304925.794523,2854548
Fischer_Heun,262144,25,3676729,0.034184,29253310.706873,4376517
Naive,262144,26,649,55.369297,18060.550676,0
Block_Decomp,262144,26,632758,0.651902,1533972.053014,2048
Sparse_Table,262144,26,38433113,0.031095,32159286.748184,22020096
Segment_Tree,262144,26,2775114,0.372714,2683024.696193,4194308
Hybrid_1,262144,26,1502594,0.092805,10775330.153153,932096
Hybrid_2,262144,26,8394004,0.099618,10038356.258112,8388624
Hybrid_3,262144,26,3784935,0.158738,6299669.746113,2854548
Fischer_Heun,262144,26,3512633,0.036221,27608477.227106,4378866
Naive,262144,27,185,57.542047,17378.596271,0
Block_Decomp,262144,27,538883,0.613676,1629524.318663,2048
Sparse_Table,262144,27,36842709,0.029916,33427297.466512,22020096
Segment_Tree,262144,27,2742596,0.365850,2733358.500276,4194308
Hybrid_1,262144,27,1355522,0.090051,11104853.032878,932096
Hybrid_2,262144,27,8292936,0.090745,11019863.701036,8388624
Hybrid_3,262144,27,3898110,0.152154,6572288.213582,2854548
Fischer_Heun,262144,27,3579922,0.035950,27816211.282372,4377732
Naive,262144,28,352,53.340338,18747.537870,0
Block_Decomp,262144,28,557179,0.568094,1760273.015810,2048
Sparse_Table,262144,28,36444280,0.026137,38260317.152777,22020096
Segment_Tree,262144,28,2544322,0.333582,2997765.079198,4194308
Hybrid_1,262144,28,1179298,0.086361,11579261.422368,932096
Hybrid_2,262144,28,8150554,0.089199,11210939.042380,8388624
Hybrid_3,262144,28,3714378,0.146559,6823201.368298,2854548
Fischer_Heun,262144,28,3496796,0.036102,27699259.609870,4379514
Naive,262144,29,217,53.085877,18837.401851,0
Block_Decomp,262144,29,538254,0.570992,1751337.031549,2048
Sparse_Table,262144,29,38230741,0.028500,35087569.098827,22020096
Segment_Tree,262144,29,2616995,0.337642,2961720.795323,4194308
Hybrid_1,262144,29,1430910,0.090384,11063924.823994,932096
Hybrid_2,262144,29,8176810,0.090879,11003630.824048,8388624
Hybrid_3,262144,29,3758725,0.147959,6758625.471033,2854548
Fischer_Heun,262144,29,3459123,0.034717,28804403.525037,4378299
Naive,262144,30,293,53.344534,18746.063030,0
Block_Decomp,262144,30,540960,0.559210,1788238.253084,2048
Sparse_Table,262144,30,41238787,0.037736,26500151.024361,22020096
Segment_Tree,262144,30,2958915,0.462591,2161738.989486,4194308
Hybrid_1,262144,30,1530288,0.098451,10157318.787999,932096
Hybrid_2,262144,30,8920949,0.109441,9137314.187005,8388624
Hybrid_3,262144,30,4075148,0.177849,5622738.218410,2854548
Fischer_Heun,262144,30,3896573,0.035418,28234490.265101,4378623
Naive,1048576,1,87,211.179812,4735.301118,0
Block_Decomp,1048576,1,2272903,1.064328,939559.644517,4096
Sparse_Table,1048576,1,184020499,0.036788,27182808.765379,96468992
Segment_Tree,1048576,1,10389724,0.482452,2072743.754583,16777220
Hybrid_1,1048576,1,5754005,0.110445,9054253.111809,3774888
Hybrid_2,1048576,1,39331629,0.142321,7026393.861585,33554472
Hybrid_3,1048576,1,14977744,0.223557,4473135.253242,10695520
Fischer_Heun,1048576,1,14971702,0.063801,15673693.758281,17572708
Naive,1048576,2,448,214.570060,4660.482457,0
Block_Decomp,1048576,2,2317291,1.223931,817039.728927,4096
Sparse_Table,1048576,2,223458111,0.042206,23693516.404289,96468992
Segment_Tree,1048576,2,15397791,0.593421,1685143.512585,16777220
Hybrid_1,1048576,2,6460779,0.127572,7838690.043271,3774888
Hybrid_2,1048576,2,41430810,0.175423,5700493.061867,33554472
Hybrid_3,1048576,2,15696484,0.251958,3968921.581813,10695520
Fischer_Heun,1048576,2,17326821,0.068853,14523686.549681,17571008
Naive,1048576,3,73,230.654360,4335.491416,0
Block_Decomp,1048576,3,2224673,1.071847,932968.938679,4096
Sparse_Table,1048576,3,179846730,0.036520,27381984.127595,96468992
Segment_Tree,1048576,3,12533605,0.473326,2112710.234633,16777220
Hybrid_1,1048576,3,5586778,0.104268,9590695.858788,3774888
Hybrid_2,1048576,3,36151456,0.147229,6792138.520775,33554472
Hybrid_3,1048576,3,14916257,0.216586,4617098.802105,10695520
Fischer_Heun,1048576,3,15214059,0.051176,19540473.714233,17563708
Naive,1048576,4,197,219.544017,4554.895250,0
Block_Decomp,1048576,4,2452819,1.281079,780591.774524,4096
Sparse_Table,1048576,4,208163623,0.050555,19780519.313798,96468992
Segment_Tree,1048576,4,12308814,0.609373,1641031.929123,16777220
Hybrid_1,1048576,4,7407766,0.160569,6227865.349142,3774888
Hybrid_2,1048576,4,50815056,0.175681,5692125.456722,33554472
Hybrid_3,1048576,4,16882506,0.260725,3835465.451318,10695520
Fischer_Heun,1048576,4,16682636,0.084718,11803819.992359,17580708
Naive,1048576,5,209,235.015315,4255.041856,0
Block_Decomp,1048576,5,2334720,1.126166,887968.589560,4096
Sparse_Table,1048576,5,190228895,0.043454,23012670.108794,96468992
Segment_Tree,1048576,5,14283056,0.559159,1788399.446127,16777220
Hybrid_1,1048576,5,6159435,0.120094,8326822.729422,3774888
Hybrid_2,1048576,5,39838052,0.162144,6167352.998489,33554472
Hybrid_3,1048576,5,15566865,0.226087,4423067.699280,10695520
Fischer_Heun,1048576,5,15558856,0.049848,20060794.639371,17576608
Naive,1048576,6,300,231.951454,4311.246950,0
Block_Decomp,1048576,6,2256716,1.110886,900182.556842,4096
Sparse_Table,1048576,6,183086710,0.036335,27521954.331775,96468992
Segment_Tree,1048576,6,10302496,0.493275,2027267.045857,16777220
Hybrid_1,1048576,6,5770870,0.106913,9353412.441004,3774888
Hybrid_2,1048576,6,41801456,0.160598,6226739.896366,33554472
Hybrid_3,1048576,6,15304213,0.219315,4559656.798645,10695520
Fischer_Heun,1048576,6,14881999,0.050302,19879817.754554,17571608
Naive,1048576,7,159,217.054850,4607.130411,0
Block_Decomp,1048576,7,2241073,1.090463,917041.830161,4096
Sparse_Table,1048576,7,182807237,0.037880,26398841.618830,96468992
Segment_Tree,1048576,7,13087575,0.493968,2024423.864151,16777220
Hybrid_1,1048576,7,6000039,0.109534,9129554.995179,3774888
Hybrid_2,1048576,7,37645658,0.150127,6661041.816515,33554472
Hybrid_3,1048576,7,15587622,0.219141,4563262.157472,10695520
Fischer_Heun,1048576,7,15161337,0.051640,19364946.712121,17575108
Naive,1048576,8,264,219.296062,4560.045412,0
Block_Decomp,1048576,8,2598422,1.210080,826391.452992,4096
Sparse_Table,1048576,8,193936601,0.038704,25837121.442894,96468992
Segment_Tree,1048576,8,13819437,0.524432,1906825.293124,16777220
Hybrid_1,1048576,8,6814875,0.126798,7886570.858343,3774888
Hybrid_2,1048576,8,42275165,0.155124,6446445.765020,33554472
Hybrid_3,1048576,8,15934611,0.235496,4246361.061779,10695520
Fischer_Heun,1048576,8,16446166,0.055867,17899768.598951,17569308
Naive,1048576,9,307,233.840893,4276.411989,0
Block_Decomp,1048576,9,2256351,1.157888,863641.269865,4096
Sparse_Table,1048576,9,188587950,0.036420,27457679.958390,96468992
Segment_Tree,1048576,9,10982311,0.502816,1988798.842287,16777220
Hybrid_1,1048576,9,6385051,0.114900,8703211.329193,3774888
Hybrid_2,1048576,9,40698839,0.151224,6612714.411479,33554472
Hybrid_3,1048576,9,15351599,0.221382,4517079.606490,10695520
Fischer_Heun,1048576,9,15438156,0.053280,18768775.814105,17574908
Naive,1048576,10,243,229.744502,4352.661297,0
Block_Decomp,1048576,10,2318218,1.153207,867146.664661,4096
Sparse_Table,1048576,10,210416638,0.042517,23520213.424298,96468992
Segment_Tree,1048576,10,14747254,0.562564,1777575.254284,16777220
Hybrid_1,1048576,10,6274381,0.116659,8572011.051825,3774888
Hybrid_2,1048576,10,39333229,0.152287,6566534.932564,33554472
Hybrid_3,1048576,10,15388616,0.226906,4407112.519021,10695520
Fischer_Heun,1048576,10,15278841,0.054101,18483882.119485,17567308
Naive,1048576,11,319,241.195557,4146.013346,0
Block_Decomp,1048576,11,2205989,1.110312,900648.150631,4096
Sparse_Table,1048576,11,221434706,0.036852,27135564.886210,96468992
Segment_Tree,1048576,11,13173217,0.501115,1995551.424968,16777220
Hybrid_1,1048576,11,5859241,0.112684,8874412.946491,3774888
Hybrid_2,1048576,11,37736592,0.160946,6213254.231979,33554472
Hybrid_3,1048576,11,15410792,0.229636,4354725.373033,10695520
Fischer_Heun,1048576,11,15104919,0.051110,19565677.184718,17567008
Naive,1048576,12,402,216.749720,4613.616099,0
Block_Decomp,1048576,12,2221560,1.067025,937185.184560,4096
Sparse_Table,1048576,12,181542616,0.038726,25822344.182875,96468992
Segment_Tree,1048576,12,10378105,0.478830,2088422.872083,16777220
Hybrid_1,1048576,12,5769415,0.111448,8972781.363835,3774888
Hybrid_2,1048576,12,40271324,0.149523,6687949.281803,33554472
Hybrid_3,1048576,12,14840629,0.222261,4499217.761501,10695520
Fischer_Heun,1048576,12,14897965,0.050215,19914311.902175,17571908
Naive,1048576,13,333,214.492719,4662.162911,0
Block_Decomp,1048576,13,2275152,1.099569,909447.630830,4096
Sparse_Table,1048576,13,201395090,0.037670,26546164.776027,96468992
Segment_Tree,1048576,13,13743641,0.495187,2019438.823275,16777220
Hybrid_1,1048576,13,5946658,0.110602,9041416.868141,3774888
Hybrid_2,1048576,13,37630557,0.151514,6600035.654713,33554472
Hybrid_3,1048576,13,15413903,0.255366,3915951.555826,10695520
Fischer_Heun,1048576,13,16217699,0.070094,14266533.949857,17572908
Naive,1048576,14,276,236.160847,4234.402164,0
Block_Decomp,1048576,14,2391834,1.212232,824924.334455,4096
Sparse_Table,1048576,14,201192702,0.042753,23390295.095238,96468992
Segment_Tree,1048576,14,14775847,0.588931,1697992.701966,16777220
Hybrid_1,1048576,14,6737881,0.131327,7614577.499457,3774888
Hybrid_2,1048576,14,43037083,0.178348,5607007.638146,33554472
Hybrid_3,1048576,14,17141522,0.249289,4011401.317143,10695520
Fischer_Heun,1048576,14,17075030,0.072139,13862033.317148,17574908
Naive,1048576,15,217,244.393826,4091.756392,0
Block_Decomp,1048576,15,3285008,1.656404,603717.546795,4096
Sparse_Table,1048576,15,223272240,0.046140,21673328.325350,96468992
Segment_Tree,1048576,15,17330978,0.683595,1462853.703964,16777220
Hybrid_1,1048576,15,7315027,0.153328,6521956.538438,3774888
Hybrid_2,1048576,15,48467437,0.225580,4433008.425438,33554472
Hybrid_3,1048576,15,21251153,0.344642,2901559.372577,10695520
Fischer_Heun,1048576,15,24723690,0.092391,10823509.888700,17570708
Naive,1048576,16,213,266.208257,3756.457483,0
Block_Decomp,1048576,16,2328560,1.247417,801656.785361,4096
Sparse_Table,1048576,16,195437613,0.041502,24095289.351656,96468992
Segment_Tree,1048576,16,14389257,0.544171,1837658.276175,16777220
Hybrid_1,1048576,16,6738914,0.121851,8206767.807913,3774888
Hybrid_2,1048576,16,40850567,0.164815,6067421.613691,33554472
Hybrid_3,1048576,16,15633410,0.236396,4230195.191655,10695520
Fischer_Heun,1048576,16,16330605,0.057301,17451558.966087,17573508
Naive,1048576,17,377,225.717569,4430.315311,0
Block_Decomp,1048576,17,2309655,1.160991,861333.007697,4096
Sparse_Table,1048576,17,194158270,0.040883,24460045.713869,96468992
Segment_Tree,1048576,17,14154177,0.542642,1842835.842334,16777220
Hybrid_1,1048576,17,6106048,0.122743,8147130.330173,3774888
Hybrid_2,1048576,17,40571997,0.158674,6302217.416291,33554472
Hybrid_3,1048576,17,15651466,0.238037,4201032.918886,10695520
Fischer_Heun,1048576,17,16939414,0.081896,12210670.453114,17575208
Naive,1048576,18,187,240.866455,4151.678161,0
Block_Decomp,1048576,18,2865542,1.351032,740174.698993,4096
Sparse_Table,1048576,18,217022510,0.047122,21221568.668646,96468992
Segment_Tree,1048576,18,15838746,0.657161,1521696.122671,16777220
Hybrid_1,1048576,18,6775449,0.146682,6817487.673982,3774888
Hybrid_2,1048576,18,45009052,0.199416,5014634.106420,33554472
Hybrid_3,1048576,18,17941780,0.291613,3429197.121838,10695520
Fischer_Heun,1048576,18,22705222,0.079599,12563046.076353,17575208
Naive,1048576,19,214,229.131249,4364.310863,0
Block_Decomp,1048576,19,2292818,1.165366,858099.770289,4096
Sparse_Table,1048576,19,191775154,0.041206,24268276.870073,96468992
Segment_Tree,1048576,19,11420010,0.539844,1852387.346161,16777220
Hybrid_1,1048576,19,6088985,0.123456,8100044.885589,3774888
Hybrid_2,1048576,19,42555953,0.166463,6007345.301247,33554472
Hybrid_3,1048576,19,16402307,0.239121,4181984.299359,10695520
Fischer_Heun,1048576,19,15446572,0.060718,16469446.689505,17572808
Naive,1048576,20,175,227.136585,4402.637303,0
Block_Decomp,1048576,20,2321964,1.151470,868455.071274,4096
Sparse_Table,1048576,20,188970147,0.038958,25668541.659517,96468992
Segment_Tree,1048576,20,10940889,0.528259,1893011.828899,16777220
Hybrid_1,1048576,20,6262653,0.117965,8477096.052068,3774888
Hybrid_2,1048576,20,43533711,0.167093,5984679.627113,33554472
Hybrid_3,1048576,20,15575898,0.230975,4329474.180036,10695520
Fischer_Heun,1048576,20,15553611,0.059964,16676771.400404,17574508
Naive,1048576,21,314,226.708264,4410.955222,0
Block_Decomp,1048576,21,2325016,1.154018,866537.466912,4096
Sparse_Table,1048576,21,190740595,0.040964,24411537.312412,96468992
Segment_Tree,1048576,21,13511359,0.532294,1878662.787742,16777220
Hybrid_1,1048576,21,6524213,0.119566,8363558.187177,3774888
Hybrid_2,1048576,21,39985844,0.166328,6012217.294495,33554472
Hybrid_3,1048576,21,15741350,0.229328,4360569.281913,10695520
Fischer_Heun,1048576,21,15193372,0.057236,17471645.048855,17574408
Naive,1048576,22,278,226.367732,4417.590756,0
Block_Decomp,1048576,22,2376289,1.216950,821726.587039,4096
Sparse_Table,1048576,22,195997357,0.044703,22370005.437701,96468992
Segment_Tree,1048576,22,14946977,0.585517,1707892.609653,16777220
Hybrid_1,1048576,22,6409683,0.134567,7431242.318975,3774888
Hybrid_2,1048576,22,46085456,0.185064,5403529.504419,33554472
Hybrid_3,1048576,22,17116248,0.254969,3922041.979467,10695520
Fischer_Heun,1048576,22,17209192,0.066615,15011706.804493,17567208
Naive,1048576,23,264,215.535008,4639.617524,0
Block_Decomp,1048576,23,2191171,1.072448,932446.077571,4096
Sparse_Table,1048576,23,181098351,0.038085,26257022.112351,96468992
Segment_Tree,1048576,23,10643471,0.487097,2052979.286106,16777220
Hybrid_1,1048576,23,5683645,0.107114,9335858.247316,3774888
Hybrid_2,1048576,23,39769139,0.145824,6857580.848872,33554472
Hybrid_3,1048576,23,14906896,0.218634,4573850.882856,10695520
Fischer_Heun,1048576,23,14453956,0.051221,19523104.823396,17570208
Naive,1048576,24,270,214.885766,4653.635370,0
Block_Decomp,1048576,24,2270977,1.073553,931486.397753,4096
Sparse_Table,1048576,24,179657304,0.036810,27166361.828393,96468992
Segment_Tree,1048576,24,11490152,0.525607,1902562.868240,16777220
Hybrid_1,1048576,24,5902905,0.110921,9015426.043070,3774888
Hybrid_2,1048576,24,40354491,0.145294,6882581.128700,33554472
Hybrid_3,1048576,24,16158636,0.222028,4503940.761253,10695520
Fischer_Heun,1048576,24,14957278,0.051080,19576987.885036,17567508
Naive,1048576,25,172,214.601304,4659.803932,0
Block_Decomp,1048576,25,2292101,1.073158,931829.181998,4096
Sparse_Table,1048576,25,178212936,0.035174,28430477.574309,96468992
Segment_Tree,1048576,25,12528470,0.476386,2099136.789611,16777220
Hybrid_1,1048576,25,5852304,0.106987,9346918.206568,3774888
Hybrid_2,1048576,25,37519731,0.140042,7140704.883400,33554472
Hybrid_3,1048576,25,15359359,0.220865,4527647.165093,10695520
Fischer_Heun,1048576,25,14893106,0.054698,18282160.985799,17573208
Naive,1048576,26,282,214.585189,4660.153875,0
Block_Decomp,1048576,26,2272547,1.082762,923564.077552,4096
Sparse_Table,1048576,26,186243134,0.037738,26498605.444642,96468992
Segment_Tree,1048576,26,13695426,0.499913,2000348.692783,16777220
Hybrid_1,1048576,26,5823895,0.110322,9064405.839482,3774888
Hybrid_2,1048576,26,37779488,0.143893,6949588.491237,33554472
Hybrid_3,1048576,26,14854187,0.220191,4541509.336294,10695520
Fischer_Heun,1048576,26,14758731,0.051157,19547539.361609,17573308
Naive,1048576,27,261,214.064818,4671.482252,0
Block_Decomp,1048576,27,2290563,1.081357,924763.552085,4096
Sparse_Table,1048576,27,188723863,0.036632,27298166.434027,96468992
Segment_Tree,1048576,27,13504064,0.493086,2028043.028624,16777220
Hybrid_1,1048576,27,5803350,0.110539,9046608.670668,3774888
Hybrid_2,1048576,27,37660082,0.145978,6850364.253391,33554472
Hybrid_3,1048576,27,15227979,0.222786,4488618.696586,10695520
Fischer_Heun,1048576,27,14927008,0.050332,19868004.527759,17568408
Naive,1048576,28,229,213.767628,4677.976778,0
Block_Decomp,1048576,28,2202453,1.085624,921129.596441,4096
Sparse_Table,1048576,28,180707710,0.036431,27448966.606795,96468992
Segment_Tree,1048576,28,10395413,0.488195,2048362.649203,16777220
Hybrid_1,1048576,28,5901393,0.110573,9043786.605235,3774888
Hybrid_2,1048576,28,39632743,0.145926,6852772.761719,33554472
Hybrid_3,1048576,28,15628953,0.232573,4299732.457747,10695520
Fischer_Heun,1048576,28,16266059,0.051953,19248312.216555,17571908
Naive,1048576,29,240,214.291032,4666.550872,0
Block_Decomp,1048576,29,2287424,1.135224,880883.422692,4096
Sparse_Table,1048576,29,182286019,0.036754,27207793.400342,96468992
Segment_Tree,1048576,29,13024872,0.487715,2050376.647014,16777220
Hybrid_1,1048576,29,5926147,0.104644,9556236.656149,3774888
Hybrid_2,1048576,29,36509257,0.144487,6921058.093022,33554472
Hybrid_3,1048576,29,14843197,0.216451,4619978.537243,10695520
Fischer_Heun,1048576,29,14641129,0.048243,20728320.208437,17572208
Naive,1048576,30,301,214.243008,4667.596898,0
Block_Decomp,1048576,30,2292266,1.087466,919568.951723,4096
Sparse_Table,1048576,30,181509855,0.036630,27300050.404083,96468992
Segment_Tree,1048576,30,13150048,0.488919,2045328.400290,16777220
Hybrid_1,1048576,30,5720611,0.105324,9494499.912157,3774888
Hybrid_2,1048576,30,36750326,0.147660,6772320.877141,33554472
Hybrid_3,1048576,30,14921712,0.217720,4593055.047232,10695520
Fischer_Heun,1048576,30,14593798,0.048802,20490858.935620,17568008
